Workbook

Sheet Rice
A1: Rep | B1: Scenarios | C1: Seedbed Preparation | D1: Puddling | E1: Nursery Raising & Transplanting /Sowing | F1: Total energy (MJ/ha) | G1: Seed | H1: Fertilizers | I1: Pesticides | J1: Irrigation(Diesel/electricity) | K1: Total energy(MJ/ha) | L1: Interculture/Weeding | M1: Inputs application | N1: Total energy(MJ/ha) | O1: Harvesting/Threshing | P1: Transportation | Q1: Engergy used in crop residue | R1: Total energy of different sources(MJ/ha) | S1: Direct energy | T1: Indirect energy | U1: Total energy input | V1: Direct energy | W1: Indirect energy | X1: Total energy input | Y1: Renewable energy | Z1: Non-renewable energy | AA1: Total energy input | AB1: Renewable energy | AC1: Non-renewable energy | AD1: Total energy input | AE1: Grain yield | AF1: Grain energy output | AG1: Energy in the harvested total biomass (grain + straw) | AH1: Net energy MJ ha−1 | AI1: Total speciﬁc energy (MJ ha-1) | AJ1: Grain speciﬁc energy | AK1: Energy productivity(kg MJ-1)
A2: 1 | B2: 1 | C2: 1976.7884 | D2: 1381.2323 | E2: =188.16+789.58 -> 977.74 | F2: =SUM(C2:E2) -> 4335.7608 | G2: 183.75 | H2: 14747.9 | I2: 1993.2 | J2: 19542.823 | K2: =SUM(G2:J2) -> 36467.673 | L2: 47.04 | M2: 2290.5159 | N2: =SUM(L2:M2) -> 2337.5559 | O2: 1126.2 | P2: 385 | Q2: =(AG2-AF2) -> 120815.44 | R2: =(F2+K2+N2+O2+P2) -> 44652.189 | S2: =F2+J2+L2+M2+O2+P2 -> 27727.339 | T2: =G2+H2+I2 -> 16924.85 | U2: =S2+T2 -> 44652.189 | V2: =(S2+S8+S14)/3 -> 28760.143 | W2: =(T2+T8+T14)/3 -> 16924.85 | X2: =(U2+U8+U14)/3 -> 45684.993 | Y2: =G2+L2+M2 -> 2521.3059 | Z2: =F2+H2+I2+J2+O2+P2 -> 42130.884 | AA2: =SUM(Y2:Z2) -> 44652.189 | AB2: =(Y2+Y8+Y14)/3 -> 2624.4138 | AC2: =(Z2+Z8+Z14)/3 -> 43060.579 | AD2: =(AA2+AA8+AA14)/3 -> 45684.993 | AE2: 6657 | AF2: 97857.9 | AG2: 218673.34 | AH2: =AG2-U2 -> 174021.15 | AI2: =AG2/U2 -> 4.897259 | AJ2: =AF2/AA2 -> 2.1915588 | AK2: =(AE2+AE8+AE14)/3 -> 6725.6667 | AL2: =(AF2+AF8+AF14)/3 -> 98867.3 | AM2: =(AG2+AG8+AG14)/3 -> 217461.42 | AN2: =(AH2+AH8+AH14)/3 -> 171776.43 | AO2: =(AI2+AI8+AI14)/3 -> 4.7692431 | AP2: =(AJ2+AJ8+AJ14)/3 -> 2.1674738 | AQ2: =(#REF!+#REF!+#REF!)/3 -> #REF!
A3: 1 | B3: 2 | C3: 1976.7884 | D3: 1381.2323 | E3: =188.16+789.58 -> 977.74 | F3: =SUM(C3:E3) -> 4335.7608 | G3: 183.75 | H3: 14747.9 | I3: 1993.2 | J3: 19542.823 | K3: =SUM(G3:J3) -> 36467.673 | L3: 47.04 | M3: 2290.5159 | N3: =SUM(L3:M3) -> 2337.5559 | O3: 1126.2 | P3: 385 | Q3: =(AG3-AF3) -> 122329.81 | R3: =(F3+K3+N3+O3+P3) -> 44652.189 | S3: =F3+J3+L3+M3+O3+P3 -> 27727.339 | T3: =G3+H3+I3 -> 16924.85 | U3: =S3+T3 -> 44652.189 | V3: =(S3+S9+S15)/3 -> 28760.143 | W3: =(T3+T9+T15)/3 -> 16924.85 | X3: =(U3+U9+U15)/3 -> 45684.993 | Y3: =G3+L3+M3 -> 2521.3059 | Z3: =F3+H3+I3+J3+O3+P3 -> 42130.884 | AA3: =SUM(Y3:Z3) -> 44652.189 | AB3: =(Y3+Y9+Y15)/3 -> 2624.4138 | AC3: =(Z3+Z9+Z15)/3 -> 43060.579 | AD3: =(AA3+AA9+AA15)/3 -> 45684.993 | AE3: 6751 | AF3: 99239.7 | AG3: 221569.51 | AH3: =AG3-U3 -> 176917.32 | AI3: =AG3/U3 -> 4.9621197 | AJ3: =AF3/AA3 -> 2.2225047 | AK3: =(AE3+AE9+AE15)/3 -> 6849.6667 | AL3: =(AF3+AF9+AF15)/3 -> 100690.1 | AM3: =(AG3+AG9+AG15)/3 -> 220720.03 | AN3: =(AH3+AH9+AH15)/3 -> 175035.04 | AO3: =(AI3+AI9+AI15)/3 -> 4.8405669 | AP3: =(AJ3+AJ9+AJ15)/3 -> 2.2070184 | AQ3: =(#REF!+#REF!+#REF!)/3 -> #REF!
A4: 1 | B4: 3 | C4: 1310.1 | D4: 0 | E4: 422.325 | F4: =SUM(C4:E4) -> 1732.425 | G4: 294 | H4: 13474.3 | I4: 351.4 | J4: 16821.069 | K4: =SUM(G4:J4) -> 30940.769 | L4: 62.72 | M4: 1910.1676 | N4: =SUM(L4:M4) -> 1972.8876 | O4: 1126.2 | P4: 385 | Q4: =(AG4-AF4) -> 121787.23 | R4: =(F4+K4+N4+O4+P4) -> 36157.281 | S4: =F4+J4+L4+M4+O4+P4 -> 22037.581 | T4: =G4+H4+I4 -> 14119.7 | U4: =S4+T4 -> 36157.281 | V4: =(S4+S10+S16)/3 -> 23044.097 | W4: =(T4+T10+T16)/3 -> 14119.7 | X4: =(U4+U10+U16)/3 -> 37163.797 | Y4: =G4+L4+M4 -> 2266.8876 | Z4: =F4+H4+I4+J4+O4+P4 -> 33890.394 | AA4: =SUM(Y4:Z4) -> 36157.281 | AB4: =(Y4+Y10+Y16)/3 -> 2367.5392 | AC4: =(Z4+Z10+Z16)/3 -> 34796.257 | AD4: =(AA4+AA10+AA16)/3 -> 37163.797 | AE4: 6434 | AF4: 94579.8 | AG4: 216367.03 | AH4: =AG4-U4 -> 180209.75 | AI4: =AG4/U4 -> 5.9840515 | AJ4: =AF4/AA4 -> 2.6157885 | AK4: =(AE4+AE10+AE16)/3 -> 6643 | AL4: =(AF4+AF10+AF16)/3 -> 97652.1 | AM4: =(AG4+AG10+AG16)/3 -> 217292.23 | AN4: =(AH4+AH10+AH16)/3 -> 180128.43 | AO4: =(AI4+AI10+AI16)/3 -> 5.861454 | AP4: =(AJ4+AJ10+AJ16)/3 -> 2.631196 | AQ4: =(#REF!+#REF!+#REF!)/3 -> #REF!
A5: 1 | B5: 4 | C5: 1310.1 | D5: 0 | E5: 422.325 | F5: =SUM(C5:E5) -> 1732.425 | G5: 294 | H5: 13474.3 | I5: 341.4 | J5: 15929.13 | K5: =SUM(G5:J5) -> 30038.83 | L5: 62.72 | M5: 1811.0634 | N5: =SUM(L5:M5) -> 1873.7834 | O5: 1126.2 | P5: 385 | Q5: =(AG5-AF5) -> 124863.25 | R5: =(F5+K5+N5+O5+P5) -> 35156.239 | S5: =F5+J5+L5+M5+O5+P5 -> 21046.539 | T5: =G5+H5+I5 -> 14109.7 | U5: =S5+T5 -> 35156.239 | V5: =(S5+S11+S17)/3 -> 21894.021 | W5: =(T5+T11+T17)/3 -> 14109.7 | X5: =(U5+U11+U17)/3 -> 36003.721 | Y5: =G5+L5+M5 -> 2167.7834 | Z5: =F5+H5+I5+J5+O5+P5 -> 32988.455 | AA5: =SUM(Y5:Z5) -> 35156.239 | AB5: =(Y5+Y11+Y17)/3 -> 2252.5316 | AC5: =(Z5+Z11+Z17)/3 -> 33751.19 | AD5: =(AA5+AA11+AA17)/3 -> 36003.721 | AE5: 6622 | AF5: 97343.4 | AG5: 222206.65 | AH5: =AG5-U5 -> 187050.41 | AI5: =AG5/U5 -> 6.3205468 | AJ5: =AF5/AA5 -> 2.7688798 | AK5: =(AE5+AE11+AE17)/3 -> 6647 | AL5: =(AF5+AF11+AF17)/3 -> 97710.9 | AM5: =(AG5+AG11+AG17)/3 -> 221853.83 | AN5: =(AH5+AH11+AH17)/3 -> 185850.11 | AO5: =(AI5+AI11+AI17)/3 -> 6.1825368 | AP5: =(AJ5+AJ11+AJ17)/3 -> 2.7233881 | AQ5: =(#REF!+#REF!+#REF!)/3 -> #REF!
A6: 1 | B6: 5 | C6: 0 | D6: 0 | E6: 422.325 | F6: =SUM(C6:E6) -> 422.325 | G6: 294 | H6: 13626.422 | I6: 541.4 | J6: 14898.083 | K6: =SUM(G6:J6) -> 29359.905 | L6: 62.72 | M6: 1696.5025 | N6: =SUM(L6:M6) -> 1759.2225 | O6: 1126.2 | P6: 385 | Q6: =(AG6-AF6) -> 124318.68 | R6: =(F6+K6+N6+O6+P6) -> 33052.652 | S6: =F6+J6+L6+M6+O6+P6 -> 18590.83 | T6: =G6+H6+I6 -> 14461.822 | U6: =S6+T6 -> 33052.652 | V6: =(S6+S12+S18)/3 -> 19279.759 | W6: =(T6+T12+T18)/3 -> 14472.845 | X6: =(U6+U12+U18)/3 -> 33752.604 | Y6: =G6+L6+M6 -> 2053.2225 | Z6: =F6+H6+I6+J6+O6+P6 -> 30999.43 | AA6: =SUM(Y6:Z6) -> 33052.652 | AB6: =(Y6+Y12+Y18)/3 -> 2122.1154 | AC6: =(Z6+Z12+Z18)/3 -> 31630.489 | AD6: =(AA6+AA12+AA18)/3 -> 33752.604 | AE6: 6711 | AF6: 98651.7 | AG6: 222970.38 | AH6: =AG6-U6 -> 189917.73 | AI6: =AG6/U6 -> 6.7459151 | AJ6: =AF6/AA6 -> 2.9846833 | AK6: =(AE6+AE12+AE18)/3 -> 6730 | AL6: =(AF6+AF12+AF18)/3 -> 98931 | AM6: =(AG6+AG12+AG18)/3 -> 222944.4 | AN6: =(AH6+AH12+AH18)/3 -> 189191.79 | AO6: =(AI6+AI12+AI18)/3 -> 6.6405971 | AP6: =(AJ6+AJ12+AJ18)/3 -> 2.9449776 | AQ6: =(#REF!+#REF!+#REF!)/3 -> #REF!
A7: 1 | B7: 6 | C7: 0 | D7: 0 | E7: 422.325 | F7: =SUM(C7:E7) -> 422.325 | G7: 294 | H7: 12599.089 | I7: 541.4 | J7: 14898.083 | K7: =SUM(G7:J7) -> 28332.571 | L7: 62.72 | M7: 1696.5025 | N7: =SUM(L7:M7) -> 1759.2225 | O7: 1126.2 | P7: 385 | Q7: =(AG7-AF7) -> 128079.9 | R7: =(F7+K7+N7+O7+P7) -> 32025.319 | S7: =F7+J7+L7+M7+O7+P7 -> 18590.83 | T7: =G7+H7+I7 -> 13434.489 | U7: =S7+T7 -> 32025.319 | V7: =(S7+S13+S19)/3 -> 19279.759 | W7: =(T7+T13+T19)/3 -> 13326.231 | X7: =(U7+U13+U19)/3 -> 32605.99 | Y7: =G7+L7+M7 -> 2053.2225 | Z7: =F7+H7+I7+J7+O7+P7 -> 29972.096 | AA7: =SUM(Y7:Z7) -> 32025.319 | AB7: =(Y7+Y13+Y19)/3 -> 2122.1154 | AC7: =(Z7+Z13+Z19)/3 -> 30483.874 | AD7: =(AA7+AA13+AA19)/3 -> 32605.99 | AE7: 6891 | AF7: 101297.7 | AG7: 229377.6 | AH7: =AG7-U7 -> 197352.28 | AI7: =AG7/U7 -> 7.162383 | AJ7: =AF7/AA7 -> 3.1630505 | AK7: =(AE7+AE13+AE19)/3 -> 7008 | AL7: =(AF7+AF13+AF19)/3 -> 103017.6 | AM7: =(AG7+AG13+AG19)/3 -> 228561.87 | AN7: =(AH7+AH13+AH19)/3 -> 195955.88 | AO7: =(AI7+AI13+AI19)/3 -> 7.0486387 | AP7: =(AJ7+AJ13+AJ19)/3 -> 3.1724793 | AQ7: =(#REF!+#REF!+#REF!)/3 -> #REF!
A8: 2 | B8: 1 | C8: 1978.3946 | D8: 1382.2123 | E8: =188.16+789.58 -> 977.74 | F8: =SUM(C8:E8) -> 4338.3469 | G8: 183.75 | H8: 14747.9 | I8: 1993.2 | J8: 22303.482 | K8: =SUM(G8:J8) -> 39228.332 | L8: 47.04 | M8: 2597.2557 | N8: =SUM(L8:M8) -> 2644.2957 | O8: 1126.2 | P8: 385 | Q8: =(AG8-AF8) -> 111608.1 | R8: =(F8+K8+N8+O8+P8) -> 47722.174 | S8: =F8+J8+L8+M8+O8+P8 -> 30797.324 | T8: =G8+H8+I8 -> 16924.85 | U8: =S8+T8 -> 47722.174 | V8: =(V2*100)/X2 -> 62.953152 | W8: =(W2*100)/X2 -> 37.046848 | Y8: =G8+L8+M8 -> 2828.0457 | Z8: =F8+H8+I8+J8+O8+P8 -> 44894.128 | AA8: =SUM(Y8:Z8) -> 47722.174 | AE8: 6545 | AF8: 96211.5 | AG8: 207819.6 | AH8: =AG8-U8 -> 160097.43 | AI8: =AG8/U8 -> 4.3547806 | AJ8: =AF8/AA8 -> 2.0160754 | AL8: =(AL7-AL2)/AL2 -> 0.04197849 | AN8: =(AN7-AN2)/AN2 -> 0.14076117
A9: 2 | B9: 2 | C9: 1978.3946 | D9: 1382.2123 | E9: =188.16+789.58 -> 977.74 | F9: =SUM(C9:E9) -> 4338.3469 | G9: 183.75 | H9: 14747.9 | I9: 1993.2 | J9: 22303.482 | K9: =SUM(G9:J9) -> 39228.332 | L9: 47.04 | M9: 2597.2557 | N9: =SUM(L9:M9) -> 2644.2957 | O9: 1126.2 | P9: 385 | Q9: =(AG9-AF9) -> 112371.42 | R9: =(F9+K9+N9+O9+P9) -> 47722.174 | S9: =F9+J9+L9+M9+O9+P9 -> 30797.324 | T9: =G9+H9+I9 -> 16924.85 | U9: =S9+T9 -> 47722.174 | V9: =(V3*100)/X3 -> 62.953152 | W9: =(W3*100)/X3 -> 37.046848 | Y9: =G9+L9+M9 -> 2828.0457 | Z9: =F9+H9+I9+J9+O9+P9 -> 44894.128 | AA9: =SUM(Y9:Z9) -> 47722.174 | AE9: 6725 | AF9: 98857.5 | AG9: 211228.92 | AH9: =AG9-U9 -> 163506.74 | AI9: =AG9/U9 -> 4.4262216 | AJ9: =AF9/AA9 -> 2.0715213 | AL9: =(AL6-AL2)/AL2 -> 0.00064429796 | AN9: =(AN6-AN2)/AN2 -> 0.10138388
A10: 2 | B10: 3 | C10: 1310.1 | D10: 0 | E10: 422.325 | F10: =SUM(C10:E10) -> 1732.425 | G10: 294 | H10: 13474.3 | I10: 351.4 | J10: 19333.225 | K10: =SUM(G10:J10) -> 33452.925 | L10: 62.72 | M10: 2189.2961 | N10: =SUM(L10:M10) -> 2252.0161 | O10: 1126.2 | P10: 385 | Q10: =(AG10-AF10) -> 107668.48 | R10: =(F10+K10+N10+O10+P10) -> 38948.566 | S10: =F10+J10+L10+M10+O10+P10 -> 24828.866 | T10: =G10+H10+I10 -> 14119.7 | U10: =S10+T10 -> 38948.566 | V10: =(V4*100)/X4 -> 62.006842 | W10: =(W4*100)/X4 -> 37.993158 | Y10: =G10+L10+M10 -> 2546.0161 | Z10: =F10+H10+I10+J10+O10+P10 -> 36402.55 | AA10: =SUM(Y10:Z10) -> 38948.566 | AE10: 6555 | AF10: 96358.5 | AG10: 204026.98 | AH10: =AG10-U10 -> 165078.42 | AI10: =AG10/U10 -> 5.2383695 | AJ10: =AF10/AA10 -> 2.4739935 | AL10: =(AL5-AL2)/AL2 -> -0.011696486 | AN10: =(AN5-AN2)/AN2 -> 0.081930188
A11: 2 | B11: 4 | C11: 1310.1 | D11: 0 | E11: 422.325 | F11: =SUM(C11:E11) -> 1732.425 | G11: 294 | H11: 13474.3 | I11: 341.4 | J11: 18617.004 | K11: =SUM(G11:J11) -> 32726.704 | L11: 62.72 | M11: 2109.716 | N11: =SUM(L11:M11) -> 2172.436 | O11: 1126.2 | P11: 385 | Q11: =(AG11-AF11) -> 118166.1 | R11: =(F11+K11+N11+O11+P11) -> 38142.765 | S11: =F11+J11+L11+M11+O11+P11 -> 24033.065 | T11: =G11+H11+I11 -> 14109.7 | U11: =S11+T11 -> 38142.765 | V11: =(V5*100)/X5 -> 60.81044 | W11: =(W5*100)/X5 -> 39.18956 | Y11: =G11+L11+M11 -> 2466.436 | Z11: =F11+H11+I11+J11+O11+P11 -> 35676.329 | AA11: =SUM(Y11:Z11) -> 38142.765 | AE11: 6277 | AF11: 92271.9 | AG11: 210438 | AH11: =AG11-U11 -> 172295.23 | AI11: =AG11/U11 -> 5.5171143 | AJ11: =AF11/AA11 -> 2.4191193 | AL11: =AVERAGE(AL8:AL10) -> 0.010308767 | AN11: =AVERAGE(AN8:AN10) -> 0.10802508
A12: 2 | B12: 5 | C12: 0 | D12: 0 | E12: 422.325 | F12: =SUM(C12:E12) -> 422.325 | G12: 294 | H12: 13736.655 | I12: 541.4 | J12: 17595.431 | K12: =SUM(G12:J12) -> 32167.487 | L12: 62.72 | M12: 1996.2079 | N12: =SUM(L12:M12) -> 2058.9279 | O12: 1126.2 | P12: 385 | Q12: =(AG12-AF12) -> 113981.27 | R12: =(F12+K12+N12+O12+P12) -> 36159.94 | S12: =F12+J12+L12+M12+O12+P12 -> 21587.884 | T12: =G12+H12+I12 -> 14572.055 | U12: =S12+T12 -> 36159.94 | V12: =(V6*100)/X6 -> 57.120804 | W12: =(W6*100)/X6 -> 42.879196 | Y12: =G12+L12+M12 -> 2352.9279 | Z12: =F12+H12+I12+J12+O12+P12 -> 33807.012 | AA12: =SUM(Y12:Z12) -> 36159.94 | AE12: 6378 | AF12: 93756.6 | AG12: 207737.87 | AH12: =AG12-U12 -> 171577.93 | AI12: =AG12/U12 -> 5.7449728 | AJ12: =AF12/AA12 -> 2.5928307
A13: 2 | B13: 6 | C13: 0 | D13: 0 | E13: 422.325 | F13: =SUM(C13:E13) -> 422.325 | G13: 294 | H13: 12591.805 | I13: 541.4 | J13: 17595.431 | K13: =SUM(G13:J13) -> 31022.636 | L13: 62.72 | M13: 1996.2079 | N13: =SUM(L13:M13) -> 2058.9279 | O13: 1126.2 | P13: 385 | Q13: =(AG13-AF13) -> 113587.92 | R13: =(F13+K13+N13+O13+P13) -> 35015.089 | S13: =F13+J13+L13+M13+O13+P13 -> 21587.884 | T13: =G13+H13+I13 -> 13427.205 | U13: =S13+T13 -> 35015.089 | V13: =(V7*100)/X7 -> 59.1295 | W13: =(W7*100)/X7 -> 40.8705 | Y13: =G13+L13+M13 -> 2352.9279 | Z13: =F13+H13+I13+J13+O13+P13 -> 32662.161 | AA13: =SUM(Y13:Z13) -> 35015.089 | AE13: 6848 | AF13: 100665.6 | AG13: 214253.52 | AH13: =AG13-U13 -> 179238.43 | AI13: =AG13/U13 -> 6.1188911 | AJ13: =AF13/AA13 -> 2.8749206
A14: 3 | B14: 1 | C14: 1978.3946 | D14: 1382.2123 | E14: =188.16+789.58 -> 977.74 | F14: =SUM(C14:E14) -> 4338.3469 | G14: 183.75 | H14: 14747.9 | I14: 1993.2 | J14: 19566.08 | K14: =SUM(G14:J14) -> 36490.93 | L14: 47.04 | M14: 2293.0999 | N14: =SUM(L14:M14) -> 2340.1399 | O14: 1126.2 | P14: 385 | Q14: =(AG14-AF14) -> 123358.84 | R14: =(F14+K14+N14+O14+P14) -> 44680.616 | S14: =F14+J14+L14+M14+O14+P14 -> 27755.766 | T14: =G14+H14+I14 -> 16924.85 | U14: =S14+T14 -> 44680.616 | V14: =(V2-V7)/V7 -> 0.49172736 | W14: =(W2-W7)/W7 -> 0.27004026 | Y14: =G14+L14+M14 -> 2523.8899 | Z14: =F14+H14+I14+J14+O14+P14 -> 42156.726 | AA14: =SUM(Y14:Z14) -> 44680.616 | AE14: 6975 | AF14: 102532.5 | AG14: 225891.34 | AH14: =AG14-U14 -> 181210.72 | AI14: =AG14/U14 -> 5.0556898 | AJ14: =AF14/AA14 -> 2.2947871
A15: 3 | B15: 2 | C15: 1978.3946 | D15: 1382.2123 | E15: =188.16+789.58 -> 977.74 | F15: =SUM(C15:E15) -> 4338.3469 | G15: 183.75 | H15: 14747.9 | I15: 1993.2 | J15: 19566.08 | K15: =SUM(G15:J15) -> 36490.93 | L15: 47.04 | M15: 2293.0999 | N15: =SUM(L15:M15) -> 2340.1399 | O15: 1126.2 | P15: 385 | Q15: =(AG15-AF15) -> 125388.57 | R15: =(F15+K15+N15+O15+P15) -> 44680.616 | S15: =F15+J15+L15+M15+O15+P15 -> 27755.766 | T15: =G15+H15+I15 -> 16924.85 | U15: =S15+T15 -> 44680.616 | V15: =(V2-V6)/V6 -> 0.49172736 | W15: =(W2-W6)/W6 -> 0.16942105 | Y15: =G15+L15+M15 -> 2523.8899 | Z15: =F15+H15+I15+J15+O15+P15 -> 42156.726 | AA15: =SUM(Y15:Z15) -> 44680.616 | AE15: 7073 | AF15: 103973.1 | AG15: 229361.67 | AH15: =AG15-U15 -> 184681.05 | AI15: =AG15/U15 -> 5.1333596 | AJ15: =AF15/AA15 -> 2.3270292
A16: 3 | B16: 3 | C16: 1310.1 | D16: 0 | E16: 422.325 | F16: =SUM(C16:E16) -> 1732.425 | G16: 294 | H16: 13474.3 | I16: 351.4 | J16: 17026.503 | K16: =SUM(G16:J16) -> 31146.203 | L16: 62.72 | M16: 1932.9937 | N16: =SUM(L16:M16) -> 1995.7137 | O16: 1126.2 | P16: 385 | Q16: =(AG16-AF16) -> 129464.67 | R16: =(F16+K16+N16+O16+P16) -> 36385.542 | S16: =F16+J16+L16+M16+O16+P16 -> 22265.842 | T16: =G16+H16+I16 -> 14119.7 | U16: =S16+T16 -> 36385.542 | V16: =(V2-V5)/V5 -> 0.31360716 | W16: =(W2-W5)/W5 -> 0.19951877 | X16: =AVERAGE(W14:W16) -> 0.21299336 | Y16: =G16+L16+M16 -> 2289.7137 | Z16: =F16+H16+I16+J16+O16+P16 -> 34095.828 | AA16: =SUM(Y16:Z16) -> 36385.542 | AE16: 6940 | AF16: 102018 | AG16: 231482.67 | AH16: =AG16-U16 -> 195097.12 | AI16: =AG16/U16 -> 6.3619409 | AJ16: =AF16/AA16 -> 2.803806
A17: 3 | B17: 4 | C17: 1310.1 | D17: 0 | E17: 422.325 | F17: =SUM(C17:E17) -> 1732.425 | G17: 294 | H17: 13474.3 | I17: 341.4 | J17: 15529.459 | K17: =SUM(G17:J17) -> 29639.159 | L17: 62.72 | M17: 1766.6555 | N17: =SUM(L17:M17) -> 1829.3755 | O17: 1126.2 | P17: 385 | Q17: =(AG17-AF17) -> 129399.43 | R17: =(F17+K17+N17+O17+P17) -> 34712.16 | S17: =F17+J17+L17+M17+O17+P17 -> 20602.46 | T17: =G17+H17+I17 -> 14109.7 | U17: =S17+T17 -> 34712.16 | V17: =(V2-V4)/V2 -> 0.1987489 | W17: =(W2-W4)/W2 -> 0.1657415 | Y17: =G17+L17+M17 -> 2123.3755 | Z17: =F17+H17+I17+J17+O17+P17 -> 32588.784 | AA17: =SUM(Y17:Z17) -> 34712.16 | AE17: 7042 | AF17: 103517.4 | AG17: 232916.83 | AH17: =AG17-U17 -> 198204.67 | AI17: =AG17/U17 -> 6.7099493 | AJ17: =AF17/AA17 -> 2.9821653
A18: 3 | B18: 5 | C18: 0 | D18: 0 | E18: 422.325 | F18: =SUM(C18:E18) -> 422.325 | G18: 294 | H18: 13549.259 | I18: 541.4 | J18: 14060.841 | K18: =SUM(G18:J18) -> 28445.499 | L18: 62.72 | M18: 1603.4756 | N18: =SUM(L18:M18) -> 1666.1956 | O18: 1126.2 | P18: 385 | Q18: =(AG18-AF18) -> 133740.24 | R18: =(F18+K18+N18+O18+P18) -> 32045.22 | S18: =F18+J18+L18+M18+O18+P18 -> 17660.561 | T18: =G18+H18+I18 -> 14384.659 | U18: =S18+T18 -> 32045.22 | Y18: =G18+L18+M18 -> 1960.1956 | Z18: =F18+H18+I18+J18+O18+P18 -> 30085.024 | AA18: =SUM(Y18:Z18) -> 32045.22 | AE18: 7101 | AF18: 104384.7 | AG18: 238124.94 | AH18: =AG18-U18 -> 206079.72 | AI18: =AG18/U18 -> 7.4309035 | AJ18: =AF18/AA18 -> 3.2574187
A19: 3 | B19: 6 | C19: 0 | D19: 0 | E19: 422.325 | F19: =SUM(C19:E19) -> 422.325 | G19: 294 | H19: 12281.6 | I19: 541.4 | J19: 14060.841 | K19: =SUM(G19:J19) -> 27177.841 | L19: 62.72 | M19: 1603.4756 | N19: =SUM(L19:M19) -> 1666.1956 | O19: 1126.2 | P19: 385 | Q19: =(AG19-AF19) -> 134965 | R19: =(F19+K19+N19+O19+P19) -> 30777.561 | S19: =F19+J19+L19+M19+O19+P19 -> 17660.561 | T19: =G19+H19+I19 -> 13117 | U19: =S19+T19 -> 30777.561 | Y19: =G19+L19+M19 -> 1960.1956 | Z19: =F19+H19+I19+J19+O19+P19 -> 28817.366 | AA19: =SUM(Y19:Z19) -> 30777.561 | AE19: 7285 | AF19: 107089.5 | AG19: 242054.5 | AH19: =AG19-U19 -> 211276.94 | AI19: =AG19/U19 -> 7.864642 | AJ19: =AF19/AA19 -> 3.4794667
R20: =AVERAGE(R2:R19) -> 38482.683 | S20: =AVERAGE(S2:S19) -> 23502.987 | T20: =AVERAGE(T2:T19) -> 14979.696 | U20: =(U2+U8+U14)/3 -> 45684.993
D21: Field operations | E21: Production Inputs | F21: Crop management | G21: Harvesting and | H21: Transportation | I21: total | K21: Field operations | L21: Production Inputs | M21: Crop management | N21: Harvesting and | O21: Transportation | P21: total | R21: =(S20*100)/R20 -> 61.07419
G22: Threshing | N22: Threshing
C23: Sc1 | D23: =(F2+F8+F14)/3 -> 4337.4849 | E23: =(K2+K8+K14)/3 -> 37395.645 | F23: =(N2+N8+N14)/3 -> 2440.6638 | G23: =(O2+O8+O14)/3 -> 1126.2 | H23: =(P2+P8+P14)/3 -> 385 | I23: =SUM(D23:H23) -> 45684.993 | J23: Sc1 | K23: =(D23*100)/I23 -> 9.4943318 | L23: =(E23*100)/I23 -> 81.855423 | M23: =(F23*100)/I23 -> 5.3423754 | N23: =(G23*100)/I23 -> 2.4651421 | O23: =(H23*100)/I23 -> 0.8427275 | P23: =SUM(K23:N23) -> 99.157273
C24: Sc2 | D24: =(F3+F9+F15)/3 -> 4337.4849 | E24: =(K3+K9+K15)/3 -> 37395.645 | F24: =(N3+N9+N15)/3 -> 2440.6638 | G24: =(O3+O9+O15)/3 -> 1126.2 | H24: =(P3+P9+P15)/3 -> 385 | I24: =SUM(D24:H24) -> 45684.993 | J24: Sc2 | K24: =(D24*100)/I24 -> 9.4943318 | L24: =(E24*100)/I24 -> 81.855423 | M24: =(F24*100)/I24 -> 5.3423754 | N24: =(G24*100)/I24 -> 2.4651421 | O24: =(H24*100)/I24 -> 0.8427275 | P24: =SUM(K24:N24) -> 99.157273
C25: Sc3 | D25: =(F4+F10+F16)/3 -> 1732.425 | E25: =(K4+K10+K16)/3 -> 31846.632 | F25: =(N4+N10+N16)/3 -> 2073.5392 | G25: =(O4+O10+O16)/3 -> 1126.2 | H25: =(P4+P10+P16)/3 -> 385 | I25: =SUM(D25:H25) -> 37163.797 | J25: Sc3 | K25: =(D25*100)/I25 -> 4.6615932 | L25: =(E25*100)/I25 -> 85.692624 | M25: =(F25*100)/I25 -> 5.57946 | N25: =(G25*100)/I25 -> 3.0303685 | O25: =(H25*100)/I25 -> 1.0359544 | P25: =SUM(K25:N25) -> 98.964046 | Q25: =(I23-I25)/I23 -> 0.1865207 | R25: =(I23-I25)/I25 -> 0.22928758
C26: Sc4 | D26: =(F5+F11+F17)/3 -> 1732.425 | E26: =(K5+K11+K17)/3 -> 30801.565 | F26: =(N5+N11+N17)/3 -> 1958.5316 | G26: =(O5+O11+O17)/3 -> 1126.2 | H26: =(P5+P11+P17)/3 -> 385 | I26: =SUM(D26:H26) -> 36003.721 | J26: Sc4 | K26: =(D26*100)/I26 -> 4.8117943 | L26: =(E26*100)/I26 -> 85.551059 | M26: =(F26*100)/I26 -> 5.4398033 | N26: =(G26*100)/I26 -> 3.12801 | O26: =(H26*100)/I26 -> 1.0693339 | P26: =SUM(K26:N26) -> 98.930666 | Q26: =(I23-I26)/I23 -> 0.21191361 | R26: =(I23-I26)/I26 -> 0.26889642
C27: Sc5 | D27: =(F6+F12+F18)/3 -> 422.325 | E27: =(K6+K12+K18)/3 -> 29990.964 | F27: =(N6+N12+N18)/3 -> 1828.1154 | G27: =(O6+O12+O18)/3 -> 1126.2 | H27: =(P6+P12+P18)/3 -> 385 | I27: =SUM(D27:H27) -> 33752.604 | J27: Sc5 | K27: =(D27*100)/I27 -> 1.2512368 | L27: =(E27*100)/I27 -> 88.855259 | M27: =(F27*100)/I27 -> 5.4162202 | N27: =(G27*100)/I27 -> 3.3366315 | O27: =(H27*100)/I27 -> 1.1406527 | P27: =SUM(K27:N27) -> 98.859347 | Q27: =(I23-I27)/I23 -> 0.26118838 | R27: =(I23-I27)/I27 -> 0.353525
C28: Sc6 | D28: =(F7+F13+F19)/3 -> 422.325 | E28: =(K7+K13+K19)/3 -> 28844.349 | F28: =(N7+N13+N19)/3 -> 1828.1154 | G28: =(O7+O13+O19)/3 -> 1126.2 | H28: =(P7+P13+P19)/3 -> 385 | I28: =SUM(D28:H28) -> 32605.99 | J28: Sc6 | K28: =(D28*100)/I28 -> 1.2952375 | L28: =(E28*100)/I28 -> 88.463346 | M28: =(F28*100)/I28 -> 5.6066857 | N28: =(G28*100)/I28 -> 3.4539666 | O28: =(H28*100)/I28 -> 1.1807647 | P28: =SUM(K28:N28) -> 98.819235 | Q28: =(I23-I28)/I23 -> 0.28628665 | R28: =(I23-I28)/I28 -> 0.40112273
D29: =AVERAGE(D23:D28) -> 2164.0783 | E29: =AVERAGE(E23:E28) -> 32712.467 | F29: =AVERAGE(F23:F28) -> 2094.9382 | G29: =AVERAGE(G23:G28) -> 1126.2 | H29: =AVERAGE(H23:H28) -> 385 | I29: =AVERAGE(I23:I28) -> 38482.683 | K29: =(F23-F28)/F23 -> 0.25097618 | Q29: =AVERAGE(Q26:Q28) -> 0.25312955
E30: =(E29*100)/I29 -> 85.00568 | F30: =(I38*100)/I29 -> 46.07987 | G30: =(G38*100)/I29 -> 35.761833 | K30: =(F26-F23)/F24 -> -0.19754142 | L30: =(F23-F25)/F23 -> 0.15042002
C31: =C1 -> Seedbed Preparation | D31: =D1 -> Puddling | E31: =E1 -> Nursery Raising & Transplanting /Sowing | F31: =G1 -> Seed | G31: =H1 -> Fertilizers | H31: =I1 -> Pesticides | I31: =J1 -> Irrigation(Diesel/electricity) | J31: =L1 -> Interculture/Weeding | K31: =M1 -> Inputs application | L31: =O1 -> Harvesting/Threshing | M31: =P1 -> Transportation | P31: Tillage | Q31: Puddling | R31: Nursery raising & transplanting /sowing | S31: Seed | T31: Fertilizers | U31: Pesticides | V31: Irrigation (electricity) | W31: Weeding | X31: Inputs application | Y31: Harvesting & threshing | Z31: Transportation
B32: Sc1 | C32: =(C2+C8+C14)/3 -> 1977.8592 | D32: =(D2+D8+D14)/3 -> 1381.8857 | E32: =(E2+E8+E14)/3 -> 977.74 | F32: =(G2+G8+G14)/3 -> 183.75 | G32: =(H2+H8+H14)/3 -> 14747.9 | H32: =(I2+I8+I14)/3 -> 1993.2 | I32: =(J2+J8+J14)/3 -> 20470.795 | J32: =(L2+L8+L14)/3 -> 47.04 | K32: =(M2+M8+M14)/3 -> 2393.6238 | L32: =(O2+O8+O14)/3 -> 1126.2 | M32: =(P2+P8+P14)/3 -> 385 | N32: =SUM(D32:M32) -> 43707.134 | O32: Sc1 | P32: =(C32*100)/N32 -> 4.5252548 | Q32: =(D32*100)/N32 -> 3.1616936 | R32: =(E32*100)/N32 -> 2.2370261 | S32: =(F32*100)/N32 -> 0.42041192 | T32: =(G32*100)/N32 -> 33.742546 | U32: =(H32*100)/N32 -> 4.5603539 | V32: =(I32*100)/N32 -> 46.836277 | W32: =(J32*100)/N32 -> 0.10762545 | X32: =(K32*100)/N32 -> 5.4765061 | Y32: =(L32*100)/N32 -> 2.5766961 | Z32: =(M32*100)/N32 -> 0.88086306
B33: Sc2 | C33: =(C3+C9+C15)/3 -> 1977.8592 | D33: =(D3+D9+D15)/3 -> 1381.8857 | E33: =(E3+E9+E15)/3 -> 977.74 | F33: =(G3+G9+G15)/3 -> 183.75 | G33: =(H3+H9+H15)/3 -> 14747.9 | H33: =(I3+I9+I15)/3 -> 1993.2 | I33: =(J3+J9+J15)/3 -> 20470.795 | J33: =(L3+L9+L15)/3 -> 47.04 | K33: =(M3+M9+M15)/3 -> 2393.6238 | L33: =(O3+O9+O15)/3 -> 1126.2 | M33: =(P3+P9+P15)/3 -> 385 | N33: =SUM(D33:M33) -> 43707.134 | O33: Sc2 | P33: =(C33*100)/N33 -> 4.5252548 | Q33: =(D33*100)/N33 -> 3.1616936 | R33: =(E33*100)/N33 -> 2.2370261 | S33: =(F33*100)/N33 -> 0.42041192 | T33: =(G33*100)/N33 -> 33.742546 | U33: =(H33*100)/N33 -> 4.5603539 | V33: =(I33*100)/N33 -> 46.836277 | W33: =(J33*100)/N33 -> 0.10762545 | X33: =(K33*100)/N33 -> 5.4765061 | Y33: =(L33*100)/N33 -> 2.5766961 | Z33: =(M33*100)/N33 -> 0.88086306
B34: Sc3 | C34: =(C4+C10+C16)/3 -> 1310.1 | D34: =(D4+D10+D16)/3 -> 0 | E34: =(E4+E10+E16)/3 -> 422.325 | F34: =(G4+G10+G16)/3 -> 294 | G34: =(H4+H10+H16)/3 -> 13474.3 | H34: =(I4+I10+I16)/3 -> 351.4 | I34: =(J4+J10+J16)/3 -> 17726.932 | J34: =(L4+L10+L16)/3 -> 62.72 | K34: =(M4+M10+M16)/3 -> 2010.8192 | L34: =(O4+O10+O16)/3 -> 1126.2 | M34: =(P4+P10+P16)/3 -> 385 | N34: =SUM(D34:M34) -> 35853.697 | O34: Sc3 | P34: =(C34*100)/N34 -> 3.6540165 | Q34: =(D34*100)/N34 -> 0 | R34: =(E34*100)/N34 -> 1.177912 | S34: =(F34*100)/N34 -> 0.81999913 | T34: =(G34*100)/N34 -> 37.581341 | U34: =(H34*100)/N34 -> 0.9800942 | V34: =(I34*100)/N34 -> 49.442412 | W34: =(J34*100)/N34 -> 0.17493315 | X34: =(K34*100)/N34 -> 5.6084012 | Y34: =(L34*100)/N34 -> 3.1410987 | Z34: =(M34*100)/N34 -> 1.0738084
B35: Sc4 | C35: =(C5+C11+C17)/3 -> 1310.1 | D35: =(D5+D11+D17)/3 -> 0 | E35: =(E5+E11+E17)/3 -> 422.325 | F35: =(G5+G11+G17)/3 -> 294 | G35: =(H5+H11+H17)/3 -> 13474.3 | H35: =(I5+I11+I17)/3 -> 341.4 | I35: =(J5+J11+J17)/3 -> 16691.865 | J35: =(L5+L11+L17)/3 -> 62.72 | K35: =(M5+M11+M17)/3 -> 1895.8116 | L35: =(O5+O11+O17)/3 -> 1126.2 | M35: =(P5+P11+P17)/3 -> 385 | N35: =SUM(D35:M35) -> 34693.621 | O35: Sc4 | P35: =(C35*100)/N35 -> 3.7761985 | Q35: =(D35*100)/N35 -> 0 | R35: =(E35*100)/N35 -> 1.2172987 | S35: =(F35*100)/N35 -> 0.84741802 | T35: =(G35*100)/N35 -> 38.837975 | U35: =(H35*100)/N35 -> 0.98404256 | V35: =(I35*100)/N35 -> 48.112201 | W35: =(J35*100)/N35 -> 0.18078251 | X35: =(K35*100)/N35 -> 5.4644386 | Y35: =(L35*100)/N35 -> 3.2461298 | Z35: =(M35*100)/N35 -> 1.1097141
B36: Sc5 | C36: =(C6+C12+C18)/3 -> 0 | D36: =(D6+D12+D18)/3 -> 0 | E36: =(E6+E12+E18)/3 -> 422.325 | F36: =(G6+G12+G18)/3 -> 294 | G36: =(H6+H12+H18)/3 -> 13637.445 | H36: =(I6+I12+I18)/3 -> 541.4 | I36: =(J6+J12+J18)/3 -> 15518.118 | J36: =(L6+L12+L18)/3 -> 62.72 | K36: =(M6+M12+M18)/3 -> 1765.3954 | L36: =(O6+O12+O18)/3 -> 1126.2 | M36: =(P6+P12+P18)/3 -> 385 | N36: =SUM(D36:M36) -> 33752.604 | O36: Sc5 | P36: =(C36*100)/N36 -> 0 | Q36: =(D36*100)/N36 -> 0 | R36: =(E36*100)/N36 -> 1.2512368 | S36: =(F36*100)/N36 -> 0.87104391 | T36: =(G36*100)/N36 -> 40.404128 | U36: =(H36*100)/N36 -> 1.6040244 | V36: =(I36*100)/N36 -> 45.976062 | W36: =(J36*100)/N36 -> 0.1858227 | X36: =(K36*100)/N36 -> 5.2303975 | Y36: =(L36*100)/N36 -> 3.3366315 | Z36: =(M36*100)/N36 -> 1.1406527
B37: Sc6 | C37: =(C7+C13+C19)/3 -> 0 | D37: =(D7+D13+D19)/3 -> 0 | E37: =(E7+E13+E19)/3 -> 422.325 | F37: =(G7+G13+G19)/3 -> 294 | G37: =(H7+H13+H19)/3 -> 12490.831 | H37: =(I7+I13+I19)/3 -> 541.4 | I37: =(J7+J13+J19)/3 -> 15518.118 | J37: =(L7+L13+L19)/3 -> 62.72 | K37: =(M7+M13+M19)/3 -> 1765.3954 | L37: =(O7+O13+O19)/3 -> 1126.2 | M37: =(P7+P13+P19)/3 -> 385 | N37: =SUM(D37:M37) -> 32605.99 | O37: Sc6 | P37: =(C37*100)/N37 -> 0 | Q37: =(D37*100)/N37 -> 0 | R37: =(E37*100)/N37 -> 1.2952375 | S37: =(F37*100)/N37 -> 0.90167482 | T37: =(G37*100)/N37 -> 38.308394 | U37: =(H37*100)/N37 -> 1.6604311 | V37: =(I37*100)/N37 -> 47.592845 | W37: =(J37*100)/N37 -> 0.1923573 | X37: =(K37*100)/N37 -> 5.4143284 | Y37: =(L37*100)/N37 -> 3.4539666 | Z37: =(M37*100)/N37 -> 1.1807647
G38: =AVERAGE(G32:G37) -> 13762.113 | I38: =AVERAGE(I32:I37) -> 17732.77
C39: =((C32-C34)/C32)*100 -> 33.761715 | D39: =((D32-D34)/D32)*100 -> 100 | E39: =((E32-E34)/E32)*100 -> 56.806002 | F39: =((F32-F34)/F32)*100 -> -60 | G39: =((G32-G34)/G32)*100 -> 8.6358058 | H39: =((H32-H34)/H32)*100 -> 82.370058 | I39: =((I32-I34)/I32)*100 -> 13.40379 | J39: =((J32-J34)/J32)*100 -> -33.333333 | ... N39: =((N32-N34)/N32)*100 -> 17.96832
C40: =((C32-C35)/C32)*100 -> 33.761715 | D40: =((D32-D35)/D32)*100 -> 100 | E40: =((E32-E35)/E32)*100 -> 56.806002 | F40: =((F32-F35)/F32)*100 -> -60 | G40: =((G32-G35)/G32)*100 -> 8.6358058 | H40: =((H32-H35)/H32)*100 -> 82.871764 | I40: =((I32-I35)/I32)*100 -> 18.460104 | J40: =((J32-J35)/J32)*100 -> -33.333333 | ... N40: =((N32-N35)/N32)*100 -> 20.622521
C41: =((C32-C36)/C32)*100 -> 100 | D41: =((D32-D36)/D32)*100 -> 100 | E41: =((E32-E36)/E32)*100 -> 56.806002 | F41: =((F32-F36)/F32)*100 -> -60 | G41: =((G32-G36)/G32)*100 -> 7.5295782 | H41: =((H32-H36)/H32)*100 -> 72.837648 | I41: =((I32-I36)/I32)*100 -> 24.193865 | J41: =((J32-J36)/J32)*100 -> -33.333333 | ... N41: =((N32-N36)/N32)*100 -> 22.775527
C42: =((C32-C37)/C32)*100 -> 100 | D42: =((D32-D37)/D32)*100 -> 100 | E42: =((E32-E37)/E32)*100 -> 56.806002 | F42: =((F32-F37)/F32)*100 -> -60 | G42: =((G32-G37)/G32)*100 -> 15.304341 | H42: =((H32-H37)/H32)*100 -> 72.837648 | I42: =((I32-I37)/I32)*100 -> 24.193865 | J42: =((J32-J37)/J32)*100 -> -33.333333 | ... N42: =((N32-N37)/N32)*100 -> 25.39893
G43: =AVERAGE(G40:G42) -> 10.489908 | H43: =AVERAGE(H40:H42) -> 76.182353 | I43: =AVERAGE(I40:I42) -> 22.282611
D44: =15518+422 -> 15940 | E44: 45685 | F44: =E44/D44 -> 2.8660602 | G44: =(D44*100)/E44 -> 34.891102 | J44: =AVERAGE(I35:I37) -> 15909.367 | N44: =SUM(G32:I32) -> 37211.895
J45: =(I32-J44)/J44 -> 0.28671333 | N45: =SUM(G33:I33) -> 37211.895
M46: =(N44-N46)/N44 -> 0.15208208 | N46: =SUM(G34:I34) -> 31552.632
M47: =(N44-N47)/N44 -> 0.18016631 | N47: =SUM(G35:I35) -> 30507.565
M48: =(N44-N48)/N44 -> 0.2019497 | N48: =SUM(G36:I36) -> 29696.964
M49: =(N44-N49)/N44 -> 0.23276281 | N49: =SUM(G37:I37) -> 28550.349

Sheet Wheat
A1: Rep | B1: Scenarios | C1: Tillage | D1: Sowing | E1: Total energy (MJ/ha) | F1: Seed | G1: Fertilizers | H1: Pesticides | I1: Irrigation | J1: Total energy(MJ/ha) | K1: Weeding | L1: Inputs application | M1: Total energy(MJ/ha) | N1: Harvesting & threshing | O1: Transportation | P1: Total energy of different sources(MJ/ha) | Q1: Tillage operations | R1: Planting/Sowing | S1: Total energy (MJ/ha) | T1: Seed | U1: Fertilizers | V1: Pesticides | W1: Irrigation | X1: Total energy(MJ/ha) | Y1: Interculture /Weeding | Z1: Inputs application | AA1: Total energy(MJ/ha) | AB1: Harvesting/ Threshing | AC1: Transportation | AD1: Total energy of different sources(MJ/ha) | AE1: Direct energy | AF1: Indirect energy | AG1: Total energy input | AH1: Direct energy | AI1: Indirect energy Machinery | AJ1: Total energy input | AK1: Renewable energy | AL1: Non-renewable energy | AM1: Total energy input | AN1: Renewable energy | AO1: Non-renewable energy | AP1: Total energy input | AQ1: Grain yield | AR1: Grain energy output | AS1: Energy in the harvested total biomass (grain + straw) | AT1: Net energy MJ ha−1 | AU1: Total speciﬁc energy (MJ ha-1) | AV1: Grain speciﬁc energy
A2: 1 | B2: 1 | C2: 2228.2002 | D2: 849.90789 | E2: =SUM(C2:D2) -> 3078.1081 | F2: 1470 | G2: 14327.9 | H2: 364 | I2: 3804.1964 | J2: =SUM(F2:I2) -> 19966.096 | K2: 15.68 | L2: 457.96849 | M2: =SUM(K2:L2) -> 473.64849 | N2: 844.65 | O2: 369.22 | P2: =SUM(E2+J2+M2+N2+O2) -> 24731.723 | Q2: =(C2+C8+C14)/3 -> 2228.2002 | R2: =(D2+D8+D14)/3 -> 849.90789 | S2: =(E2+E8+E14)/3 -> 3078.1081 | T2: =(F2+F8+F14)/3 -> 1470 | U2: =(G2+G8+G14)/3 -> 14327.9 | V2: =(H2+H8+H14)/3 -> 364 | W2: =(I2+I8+I14)/3 -> 3927.9452 | X2: =(J2+J8+J14)/3 -> 20089.845 | ... AD2: =(P2+P8+P14)/3 -> 24869.222 | AE2: =E2+I2+N2+O2+K2+L2 -> 8569.823 | AF2: =G2+F2+H2 -> 16161.9 | AG2: =SUM(AE2:AF2) -> 24731.723 | AH2: =(AE2+AE8+AE14)/3 -> 8707.3216 | AI2: =(AF2+AF8+AF14)/3 -> 16161.9 | AJ2: =(AG2+AG8+AG14)/3 -> 24869.222 | AK2: =F2+K2+L2 -> 1943.6485 | AL2: =E2+G2+H2+I2+N2+O2 -> 22788.075 | AM2: =SUM(AK2:AL2) -> 24731.723 | AN2: =(AK2+AK8+AK14)/3 -> 1957.3984 | AO2: =(AL2+AL8+AL14)/3 -> 22911.823 | AP2: =(AM2+AM8+AM14)/3 -> 24869.222 | AQ2: 5222 | AR2: =(AQ2*14.7) -> 76763.4 | AS2: 158254.17 | AT2: =AS2-AR2 -> 81490.767 | AU2: =AS2/AM2 -> 6.398833 | AV2: =AR2/AM2 -> 3.1038436 | AZ2: =(AQ2+AQ8+AQ14)/3 -> 5061.3333 | BA2: =(AR2+AR8+AR14)/3 -> 74401.6 | BB2: =(AS2+AS8+AS14)/3 -> 153780.03 | BC2: =(AT2+AT8+AT14)/3 -> 79378.428 | BD2: =(AU2+AU8+AU14)/3 -> 6.1856567 | BE2: =(AV2+AV8+AV14)/3 -> 2.993442
A3: 1 | B3: 2 | C3: 2228.2002 | D3: 849.90789 | E3: =SUM(C3:D3) -> 3078.1081 | F3: 1470 | G3: 14327.9 | H3: 364 | I3: 3804.1964 | J3: =SUM(F3:I3) -> 19966.096 | K3: 15.68 | L3: 457.96849 | M3: =SUM(K3:L3) -> 473.64849 | N3: 844.65 | O3: 369.22 | P3: =SUM(E3+J3+M3+N3+O3) -> 24731.723 | Q3: =(C3+C9+C15)/3 -> 2228.2002 | R3: =(D3+D9+D15)/3 -> 849.90789 | S3: =(E3+E9+E15)/3 -> 3078.1081 | T3: =(F3+F9+F15)/3 -> 1470 | U3: =(G3+G9+G15)/3 -> 14327.9 | V3: =(H3+H9+H15)/3 -> 364 | W3: =(I3+I9+I15)/3 -> 3927.9452 | X3: =(J3+J9+J15)/3 -> 20089.845 | ... AD3: =(P3+P9+P15)/3 -> 24869.222 | AE3: =E3+I3+N3+O3+K3+L3 -> 8569.823 | AF3: =G3+F3+H3 -> 16161.9 | AG3: =SUM(AE3:AF3) -> 24731.723 | AH3: =(AE3+AE9+AE15)/3 -> 8707.3216 | AI3: =(AF3+AF9+AF15)/3 -> 16161.9 | AJ3: =(AG3+AG9+AG15)/3 -> 24869.222 | AK3: =F3+K3+L3 -> 1943.6485 | AL3: =E3+G3+H3+I3+N3+O3 -> 22788.075 | AM3: =SUM(AK3:AL3) -> 24731.723 | AN3: =(AK3+AK9+AK15)/3 -> 1957.3984 | AO3: =(AL3+AL9+AL15)/3 -> 22911.823 | AP3: =(AM3+AM9+AM15)/3 -> 24869.222 | AQ3: 5290 | AR3: =(AQ3*14.7) -> 77763 | AS3: 160725.5 | AT3: =AS3-AR3 -> 82962.5 | AU3: =AS3/AM3 -> 6.4987587 | AV3: =AR3/AM3 -> 3.1442613 | AZ3: =(AQ3+AQ9+AQ15)/3 -> 5149.6667 | BA3: =(AR3+AR9+AR15)/3 -> 75700.1 | BB3: =(AS3+AS9+AS15)/3 -> 156036.44 | BC3: =(AT3+AT9+AT15)/3 -> 80336.344 | BD3: =(AU3+AU9+AU15)/3 -> 6.2751773 | BE3: =(AV3+AV9+AV15)/3 -> 3.0446187
A4: 1 | B4: 3 | C4: 1382.2123 | D4: 594.10167 | E4: =SUM(C4:D4) -> 1976.314 | F4: 1470 | G4: 12751.8 | H4: 352 | I4: 3586.703 | J4: =SUM(F4:I4) -> 18160.503 | K4: 15.68 | L4: 425.96256 | M4: =SUM(K4:L4) -> 441.64256 | N4: 844.65 | O4: 369.22 | P4: =SUM(E4+J4+M4+N4+O4) -> 21792.33 | Q4: =(C4+C10+C16)/3 -> 1382.2123 | R4: =(D4+D10+D16)/3 -> 594.10167 | S4: =(E4+E10+E16)/3 -> 1976.314 | T4: =(F4+F10+F16)/3 -> 1470 | U4: =(G4+G10+G16)/3 -> 12751.8 | V4: =(H4+H10+H16)/3 -> 352 | W4: =(I4+I10+I16)/3 -> 3830.755 | X4: =(J4+J10+J16)/3 -> 18404.555 | ... AD4: =(P4+P10+P16)/3 -> 22063.498 | AE4: =E4+I4+N4+O4+K4+L4 -> 7218.5296 | AF4: =G4+F4+H4 -> 14573.8 | AG4: =SUM(AE4:AF4) -> 21792.33 | AH4: =(AE4+AE10+AE16)/3 -> 7489.6985 | AI4: =(AF4+AF10+AF16)/3 -> 14573.8 | AJ4: =(AG4+AG10+AG16)/3 -> 22063.498 | AK4: =F4+K4+L4 -> 1911.6426 | AL4: =E4+G4+H4+I4+N4+O4 -> 19880.687 | AM4: =SUM(AK4:AL4) -> 21792.33 | AN4: =(AK4+AK10+AK16)/3 -> 1938.7594 | AO4: =(AL4+AL10+AL16)/3 -> 20124.739 | AP4: =(AM4+AM10+AM16)/3 -> 22063.498 | AQ4: 5308 | AR4: =(AQ4*14.7) -> 78027.6 | AS4: 161437.17 | AT4: =AS4-AR4 -> 83409.567 | AU4: =AS4/AM4 -> 7.4079811 | AV4: =AR4/AM4 -> 3.5805075 | AZ4: =(AQ4+AQ10+AQ16)/3 -> 5386 | BA4: =(AR4+AR10+AR16)/3 -> 79174.2 | BB4: =(AS4+AS10+AS16)/3 -> 162005.32 | BC4: =(AT4+AT10+AT16)/3 -> 82831.122 | BD4: =(AU4+AU10+AU16)/3 -> 7.3446749 | BE4: =(AV4+AV10+AV16)/3 -> 3.5893108
A5: 1 | B5: 4 | D5: 892.36506 | E5: =SUM(C5:D5) -> 892.36506 | F5: 1470 | G5: 12751.8 | H5: 462 | I5: 3002.701 | J5: =SUM(F5:I5) -> 17686.501 | K5: 0 | L5: 366.95344 | M5: =SUM(K5:L5) -> 366.95344 | N5: 844.65 | O5: 369.22 | P5: =SUM(E5+J5+M5+N5+O5) -> 20159.689 | Q5: =(C5+C11+C17)/3 -> 0 | R5: =(D5+D11+D17)/3 -> 892.36506 | S5: =(E5+E11+E17)/3 -> 892.36506 | T5: =(F5+F11+F17)/3 -> 1470 | U5: =(G5+G11+G17)/3 -> 12751.8 | V5: =(H5+H11+H17)/3 -> 462 | W5: =(I5+I11+I17)/3 -> 3235.8424 | X5: =(J5+J11+J17)/3 -> 17919.642 | ... AD5: =(P5+P11+P17)/3 -> 20418.735 | AE5: =E5+I5+N5+O5+K5+L5 -> 5475.8895 | AF5: =G5+F5+H5 -> 14683.8 | AG5: =SUM(AE5:AF5) -> 20159.689 | AH5: =(AE5+AE11+AE17)/3 -> 5734.9355 | AI5: =(AF5+AF11+AF17)/3 -> 14683.8 | AJ5: =(AG5+AG11+AG17)/3 -> 20418.735 | AK5: =F5+K5+L5 -> 1836.9534 | AL5: =E5+G5+H5+I5+N5+O5 -> 18322.736 | AM5: =SUM(AK5:AL5) -> 20159.689 | AN5: =(AK5+AK11+AK17)/3 -> 1862.858 | AO5: =(AL5+AL11+AL17)/3 -> 18555.877 | AP5: =(AM5+AM11+AM17)/3 -> 20418.736 | AQ5: 5739 | AR5: =(AQ5*14.7) -> 84363.3 | AS5: 172278 | AT5: =AS5-AR5 -> 87914.7 | AU5: =AS5/AM5 -> 8.5456674 | AV5: =AR5/AM5 -> 4.184752 | AZ5: =(AQ5+AQ11+AQ17)/3 -> 5635 | BA5: =(AR5+AR11+AR17)/3 -> 82834.5 | BB5: =(AS5+AS11+AS17)/3 -> 169805.39 | BC5: =(AT5+AT11+AT17)/3 -> 86970.889 | BD5: =(AU5+AU11+AU17)/3 -> 8.3174983 | BE5: =(AV5+AV11+AV17)/3 -> 4.0577223
A6: 1 | B6: 5 | C6: 0 | D6: 892.36506 | E6: =SUM(C6:D6) -> 892.36506 | F6: 1470 | G6: 11398.135 | H6: 462 | I6: 3002.701 | J6: =SUM(F6:I6) -> 16332.836 | K6: 0 | L6: 366.95344 | M6: =SUM(K6:L6) -> 366.95344 | N6: 844.65 | O6: 369.22 | P6: =SUM(E6+J6+M6+N6+O6) -> 18806.024 | Q6: =(C6+C12+C18)/3 -> 0 | R6: =(D6+D12+D18)/3 -> 892.36506 | S6: =(E6+E12+E18)/3 -> 892.36506 | T6: =(F6+F12+F18)/3 -> 1470 | U6: =(G6+G12+G18)/3 -> 11597.29 | V6: =(H6+H12+H18)/3 -> 462 | W6: =(I6+I12+I18)/3 -> 3235.8424 | X6: =(J6+J12+J18)/3 -> 16765.132 | ... AD6: =(P6+P12+P18)/3 -> 19264.225 | AE6: =E6+I6+N6+O6+K6+L6 -> 5475.8895 | AF6: =G6+F6+H6 -> 13330.135 | AG6: =SUM(AE6:AF6) -> 18806.024 | AH6: =(AE6+AE12+AE18)/3 -> 5734.9355 | AI6: =(AF6+AF12+AF18)/3 -> 13529.29 | AJ6: =(AG6+AG12+AG18)/3 -> 19264.225 | AK6: =F6+K6+L6 -> 1836.9534 | AL6: =E6+G6+H6+I6+N6+O6 -> 16969.071 | AM6: =SUM(AK6:AL6) -> 18806.024 | AN6: =(AK6+AK12+AK18)/3 -> 1862.858 | AO6: =(AL6+AL12+AL18)/3 -> 17401.367 | AP6: =(AM6+AM12+AM18)/3 -> 19264.225 | AQ6: 5889 | AR6: =(AQ6*14.7) -> 86568.3 | AS6: 176520.5 | AT6: =AS6-AR6 -> 89952.2 | AU6: =AS6/AM6 -> 9.3863806 | AV6: =AR6/AM6 -> 4.6032218 | AZ6: =(AQ6+AQ12+AQ18)/3 -> 5774.6667 | BA6: =(AR6+AR12+AR18)/3 -> 84887.6 | BB6: =(AS6+AS12+AS18)/3 -> 173759.28 | BC6: =(AT6+AT12+AT18)/3 -> 88871.678 | BD6: =(AU6+AU12+AU18)/3 -> 9.0256035 | BE6: =(AV6+AV12+AV18)/3 -> 4.4103437
A7: 1 | B7: 6 | C7: 0 | D7: 892.36506 | E7: =SUM(C7:D7) -> 892.36506 | F7: 1470 | G7: 10612.744 | H7: 462 | I7: 3002.701 | J7: =SUM(F7:I7) -> 15547.445 | K7: 0 | L7: 366.95344 | M7: =SUM(K7:L7) -> 366.95344 | N7: 844.65 | O7: 369.22 | P7: =SUM(E7+J7+M7+N7+O7) -> 18020.634 | Q7: =(C7+C13+C19)/3 -> 0 | R7: =(D7+D13+D19)/3 -> 892.36506 | S7: =(E7+E13+E19)/3 -> 892.36506 | T7: =(F7+F13+F19)/3 -> 1470 | U7: =(G7+G13+G19)/3 -> 10809.358 | V7: =(H7+H13+H19)/3 -> 462 | W7: =(I7+I13+I19)/3 -> 3235.8424 | X7: =(J7+J13+J19)/3 -> 15977.2 | ... AD7: =(P7+P13+P19)/3 -> 18476.293 | AE7: =E7+I7+N7+O7+K7+L7 -> 5475.8895 | AF7: =G7+F7+H7 -> 12544.744 | AG7: =SUM(AE7:AF7) -> 18020.634 | AH7: =(AE7+AE13+AE19)/3 -> 5734.9355 | AI7: =(AF7+AF13+AF19)/3 -> 12741.358 | AJ7: =(AG7+AG13+AG19)/3 -> 18476.293 | AK7: =F7+K7+L7 -> 1836.9534 | AL7: =E7+G7+H7+I7+N7+O7 -> 16183.68 | AM7: =SUM(AK7:AL7) -> 18020.634 | AN7: =(AK7+AK13+AK19)/3 -> 1862.858 | AO7: =(AL7+AL13+AL19)/3 -> 16613.435 | AP7: =(AM7+AM13+AM19)/3 -> 18476.293 | AQ7: 5909 | AR7: =(AQ7*14.7) -> 86862.3 | AS7: 179133 | AT7: =AS7-AR7 -> 92270.7 | AU7: =AS7/AM7 -> 9.9404384 | AV7: =AR7/AM7 -> 4.8201579 | AZ7: =(AQ7+AQ13+AQ19)/3 -> 5847.6667 | BA7: =(AR7+AR13+AR19)/3 -> 85960.7 | BB7: =(AS7+AS13+AS19)/3 -> 175866.39 | BC7: =(AT7+AT13+AT19)/3 -> 89905.689 | BD7: =(AU7+AU13+AU19)/3 -> 9.525838 | BE7: =(AV7+AV13+AV19)/3 -> 4.6562499
A8: 2 | B8: 1 | C8: 2228.2002 | D8: 849.90789 | E8: =SUM(C8:D8) -> 3078.1081 | F8: 1470 | G8: 14327.9 | H8: 364 | I8: 4263.732 | J8: =SUM(F8:I8) -> 20425.632 | K8: 15.68 | L8: 509.028 | M8: =SUM(K8:L8) -> 524.708 | N8: 844.65 | O8: 369.22 | P8: =SUM(E8+J8+M8+N8+O8) -> 25242.318 | AE8: =E8+I8+N8+O8+K8+L8 -> 9080.4181 | AF8: =G8+F8+H8 -> 16161.9 | AG8: =SUM(AE8:AF8) -> 25242.318 | AK8: =F8+K8+L8 -> 1994.708 | AL8: =E8+G8+H8+I8+N8+O8 -> 23247.61 | AM8: =SUM(AK8:AL8) -> 25242.318 | AQ8: 4746 | AR8: =(AQ8*14.7) -> 69766.2 | AS8: 148749.08 | AT8: =AS8-AR8 -> 78982.883 | AU8: =AS8/AM8 -> 5.8928456 | AV8: =AR8/AM8 -> 2.7638587 | BA8: =(BA7-BA2)/BA2 -> 0.15536091 | BC8: =(BC7-BC2)/BC2 -> 0.13262118 | BD8: =AVERAGE(BC5:BC7) -> 88582.752
A9: 2 | B9: 2 | C9: 2228.2002 | D9: 849.90789 | E9: =SUM(C9:D9) -> 3078.1081 | F9: 1470 | G9: 14327.9 | H9: 364 | I9: 4263.732 | J9: =SUM(F9:I9) -> 20425.632 | K9: 15.68 | L9: 509.028 | M9: =SUM(K9:L9) -> 524.708 | N9: 844.65 | O9: 369.22 | P9: =SUM(E9+J9+M9+N9+O9) -> 25242.318 | AE9: =E9+I9+N9+O9+K9+L9 -> 9080.4181 | AF9: =G9+F9+H9 -> 16161.9 | AG9: =SUM(AE9:AF9) -> 25242.318 | AK9: =F9+K9+L9 -> 1994.708 | AL9: =E9+G9+H9+I9+N9+O9 -> 23247.61 | AM9: =SUM(AK9:AL9) -> 25242.318 | AQ9: 5055 | AR9: =(AQ9*14.7) -> 74308.5 | AS9: 154712.33 | AT9: =AS9-AR9 -> 80403.833 | AU9: =AS9/AM9 -> 6.1290858 | AV9: =AR9/AM9 -> 2.9438065 | BA9: =(BA6-BA2)/BA2 -> 0.14093783 | BC9: =(BC6-BC2)/BC2 -> 0.11959484 | BD9: =(BD8-BC2)/BC2 -> 0.11595498
A10: 2 | B10: 3 | C10: 1382.2123 | D10: 594.10167 | E10: =SUM(C10:D10) -> 1976.314 | F10: 1470 | G10: 12751.8 | H10: 352 | I10: 4263.732 | J10: =SUM(F10:I10) -> 18837.532 | K10: 15.68 | L10: 501.188 | M10: =SUM(K10:L10) -> 516.868 | N10: 844.65 | O10: 369.22 | P10: =SUM(E10+J10+M10+N10+O10) -> 22544.584 | AE10: =E10+I10+N10+O10+K10+L10 -> 7970.784 | AF10: =G10+F10+H10 -> 14573.8 | AG10: =SUM(AE10:AF10) -> 22544.584 | AK10: =F10+K10+L10 -> 1986.868 | AL10: =E10+G10+H10+I10+N10+O10 -> 20557.716 | AM10: =SUM(AK10:AL10) -> 22544.584 | AQ10: 5380 | AR10: =(AQ10*14.7) -> 79086 | AS10: 161412.17 | AT10: =AS10-AR10 -> 82326.167 | AU10: =AS10/AM10 -> 7.1596871 | AV10: =AR10/AM10 -> 3.5079822 | BA10: =(BA5-BA2)/BA2 -> 0.11334299 | BC10: =(BC5-BC2)/BC2 -> 0.095648923
A11: 2 | B11: 4 | D11: 892.36506 | E11: =SUM(C11:D11) -> 892.36506 | F11: 1470 | G11: 12751.8 | H11: 462 | I11: 3429.0742 | J11: =SUM(F11:I11) -> 18112.874 | K11: 0 | L11: 414.32824 | M11: =SUM(K11:L11) -> 414.32824 | N11: 844.65 | O11: 369.22 | P11: =SUM(E11+J11+M11+N11+O11) -> 20633.437 | AE11: =E11+I11+N11+O11+K11+L11 -> 5949.6375 | AF11: =G11+F11+H11 -> 14683.8 | AG11: =SUM(AE11:AF11) -> 20633.437 | AK11: =F11+K11+L11 -> 1884.3282 | AL11: =E11+G11+H11+I11+N11+O11 -> 18749.109 | AM11: =SUM(AK11:AL11) -> 20633.437 | AQ11: 5542 | AR11: =(AQ11*14.7) -> 81467.4 | AS11: 170043.5 | AT11: =AS11-AR11 -> 88576.1 | AU11: =AS11/AM11 -> 8.241162 | AV11: =AR11/AM11 -> 3.9483193 | BA11: =AVERAGE(BA8:BA10) -> 0.13654724 | BC11: =AVERAGE(BC8:BC10) -> 0.11595498
A12: 2 | B12: 5 | C12: 0 | D12: 892.36506 | E12: =SUM(C12:D12) -> 892.36506 | F12: 1470 | G12: 11896.389 | H12: 462 | I12: 3429.0742 | J12: =SUM(F12:I12) -> 17257.463 | K12: 0 | L12: 414.32824 | M12: =SUM(K12:L12) -> 414.32824 | N12: 844.65 | O12: 369.22 | P12: =SUM(E12+J12+M12+N12+O12) -> 19778.027 | AE12: =E12+I12+N12+O12+K12+L12 -> 5949.6375 | AF12: =G12+F12+H12 -> 13828.389 | AG12: =SUM(AE12:AF12) -> 19778.027 | AK12: =F12+K12+L12 -> 1884.3282 | AL12: =E12+G12+H12+I12+N12+O12 -> 17893.699 | AM12: =SUM(AK12:AL12) -> 19778.027 | AQ12: 5591 | AR12: =(AQ12*14.7) -> 82187.7 | AS12: 171885.17 | AT12: =AS12-AR12 -> 89697.467 | AU12: =AS12/AM12 -> 8.6907136 | AV12: =AR12/AM12 -> 4.1555055
A13: 2 | B13: 6 | C13: 0 | D13: 892.36506 | E13: =SUM(C13:D13) -> 892.36506 | F13: 1470 | G13: 11117.979 | H13: 462 | I13: 3429.0742 | J13: =SUM(F13:I13) -> 16479.053 | K13: 0 | L13: 414.32824 | M13: =SUM(K13:L13) -> 414.32824 | N13: 844.65 | O13: 369.22 | P13: =SUM(E13+J13+M13+N13+O13) -> 18999.617 | AE13: =E13+I13+N13+O13+K13+L13 -> 5949.6375 | AF13: =G13+F13+H13 -> 13049.979 | AG13: =SUM(AE13:AF13) -> 18999.617 | AK13: =F13+K13+L13 -> 1884.3282 | AL13: =E13+G13+H13+I13+N13+O13 -> 17115.288 | AM13: =SUM(AK13:AL13) -> 18999.617 | AQ13: 5701 | AR13: =(AQ13*14.7) -> 83804.7 | AS13: 173062.5 | AT13: =AS13-AR13 -> 89257.8 | AU13: =AS13/AM13 -> 9.1087364 | AV13: =AR13/AM13 -> 4.4108627
A14: 3 | B14: 1 | C14: 2228.2002 | D14: 849.90789 | E14: =SUM(C14:D14) -> 3078.1081 | F14: 1470 | G14: 14327.9 | H14: 364 | I14: 3715.907 | J14: =SUM(F14:I14) -> 19877.807 | K14: 15.68 | L14: 448.15856 | M14: =SUM(K14:L14) -> 463.83856 | N14: 844.65 | O14: 369.22 | P14: =SUM(E14+J14+M14+N14+O14) -> 24633.624 | AE14: =E14+I14+N14+O14+K14+L14 -> 8471.7237 | AF14: =G14+F14+H14 -> 16161.9 | AG14: =SUM(AE14:AF14) -> 24633.624 | AH14: =(AH2-AH7)/AH7 -> 0.5182946 | AI14: =(AI2-AI7)/AI7 -> 0.26845978 | AK14: =F14+K14+L14 -> 1933.8386 | AL14: =E14+G14+H14+I14+N14+O14 -> 22699.785 | AM14: =SUM(AK14:AL14) -> 24633.624 | AN14: =(AN2-AN7)/AN7 -> 0.05075014 | AO14: =(AO2-AO7)/AO7 -> 0.37911412 | AQ14: 5216 | AR14: =(AQ14*14.7) -> 76675.2 | AS14: 154336.83 | AT14: =AS14-AR14 -> 77661.633 | AU14: =AS14/AM14 -> 6.2652915 | AV14: =AR14/AM14 -> 3.1126237
A15: 3 | B15: 2 | C15: 2228.2002 | D15: 849.90789 | E15: =SUM(C15:D15) -> 3078.1081 | F15: 1470 | G15: 14327.9 | H15: 364 | I15: 3715.907 | J15: =SUM(F15:I15) -> 19877.807 | K15: 15.68 | L15: 448.15856 | M15: =SUM(K15:L15) -> 463.83856 | N15: 844.65 | O15: 369.22 | P15: =SUM(E15+J15+M15+N15+O15) -> 24633.624 | AE15: =E15+I15+N15+O15+K15+L15 -> 8471.7237 | AF15: =G15+F15+H15 -> 16161.9 | AG15: =SUM(AE15:AF15) -> 24633.624 | AH15: =(AH2-AH6)/AH6 -> 0.5182946 | AI15: =(AI2-AI6)/AI6 -> 0.19458601 | AK15: =F15+K15+L15 -> 1933.8386 | AL15: =E15+G15+H15+I15+N15+O15 -> 22699.785 | AM15: =SUM(AK15:AL15) -> 24633.624 | AN15: =(AN2-AN6)/AN6 -> 0.05075014 | AO15: =(AO2-AO6)/AO6 -> 0.31666801 | AQ15: 5104 | AR15: =(AQ15*14.7) -> 75028.8 | AS15: 152671.5 | AT15: =AS15-AR15 -> 77642.7 | AU15: =AS15/AM15 -> 6.1976874 | AV15: =AR15/AM15 -> 3.0457882
A16: 3 | B16: 3 | C16: 1382.2123 | D16: 594.10167 | E16: =SUM(C16:D16) -> 1976.314 | F16: 1470 | G16: 12751.8 | H16: 352 | I16: 3641.8301 | J16: =SUM(F16:I16) -> 18215.63 | K16: 15.68 | L16: 432.08779 | M16: =SUM(K16:L16) -> 447.76779 | N16: 844.65 | O16: 369.22 | P16: =SUM(E16+J16+M16+N16+O16) -> 21853.582 | AE16: =E16+I16+N16+O16+K16+L16 -> 7279.7819 | AF16: =G16+F16+H16 -> 14573.8 | AG16: =SUM(AE16:AF16) -> 21853.582 | AH16: =(AH2-AH5)/AH5 -> 0.5182946 | AI16: =(AI2-AI5)/AI5 -> 0.10066195 | AJ16: =AVERAGE(AI14:AI16) -> 0.18790258 | AK16: =F16+K16+L16 -> 1917.7678 | AL16: =E16+G16+H16+I16+N16+O16 -> 19935.814 | AM16: =SUM(AK16:AL16) -> 21853.582 | AN16: =(AN2-AN5)/AN5 -> 0.05075014 | AO16: =(AO2-AO5)/AO5 -> 0.2347475 | AP16: =AVERAGE(AO14:AO16) -> 0.31017654 | AQ16: 5470 | AR16: =(AQ16*14.7) -> 80409 | AS16: 163166.63 | AT16: =AS16-AR16 -> 82757.633 | AU16: =AS16/AM16 -> 7.4663565 | AV16: =AR16/AM16 -> 3.6794426
A17: 3 | B17: 4 | D17: 892.36506 | E17: =SUM(C17:D17) -> 892.36506 | F17: 1470 | G17: 12751.8 | H17: 462 | I17: 3275.7521 | J17: =SUM(F17:I17) -> 17959.552 | K17: 0 | L17: 397.29245 | M17: =SUM(K17:L17) -> 397.29245 | N17: 844.65 | O17: 369.22 | P17: =SUM(E17+J17+M17+N17+O17) -> 20463.08 | AE17: =E17+I17+N17+O17+K17+L17 -> 5779.2796 | AF17: =G17+F17+H17 -> 14683.8 | AG17: =SUM(AE17:AF17) -> 20463.08 | AH17: =(AH2-AH4)/AH2 -> 0.139839 | AI17: =(AI2-AI4)/AI2 -> 0.098261962 | AK17: =F17+K17+L17 -> 1867.2925 | AL17: =E17+G17+H17+I17+N17+O17 -> 18595.787 | AM17: =SUM(AK17:AL17) -> 20463.08 | AN17: =(AN2-AN4)/AN2 -> 0.0095222836 | AO17: =(AO2-AO4)/AO2 -> 0.12164393 | AQ17: 5624 | AR17: =(AQ17*14.7) -> 82672.8 | AS17: 167094.67 | AT17: =AS17-AR17 -> 84421.867 | AU17: =AS17/AM17 -> 8.1656657 | AV17: =AR17/AM17 -> 4.0400957
A18: 3 | B18: 5 | C18: 0 | D18: 892.36506 | E18: =SUM(C18:D18) -> 892.36506 | F18: 1470 | G18: 11497.345 | H18: 462 | I18: 3275.7521 | J18: =SUM(F18:I18) -> 16705.097 | K18: 0 | L18: 397.29245 | M18: =SUM(K18:L18) -> 397.29245 | N18: 844.65 | O18: 369.22 | P18: =SUM(E18+J18+M18+N18+O18) -> 19208.624 | AE18: =E18+I18+N18+O18+K18+L18 -> 5779.2796 | AF18: =G18+F18+H18 -> 13429.345 | AG18: =SUM(AE18:AF18) -> 19208.624 | AK18: =F18+K18+L18 -> 1867.2925 | AL18: =E18+G18+H18+I18+N18+O18 -> 17341.332 | AM18: =SUM(AK18:AL18) -> 19208.624 | AQ18: 5844 | AR18: =(AQ18*14.7) -> 85906.8 | AS18: 172872.17 | AT18: =AS18-AR18 -> 86965.367 | AU18: =AS18/AM18 -> 8.9997162 | AV18: =AR18/AM18 -> 4.4723036
A19: 3 | B19: 6 | C19: 0 | D19: 892.36506 | E19: =SUM(C19:D19) -> 892.36506 | F19: 1470 | G19: 10697.35 | H19: 462 | I19: 3275.7521 | J19: =SUM(F19:I19) -> 15905.102 | K19: 0 | L19: 397.29245 | M19: =SUM(K19:L19) -> 397.29245 | N19: 844.65 | O19: 369.22 | P19: =SUM(E19+J19+M19+N19+O19) -> 18408.63 | AE19: =E19+I19+N19+O19+K19+L19 -> 5779.2796 | AF19: =G19+F19+H19 -> 12629.35 | AG19: =SUM(AE19:AF19) -> 18408.63 | AK19: =F19+K19+L19 -> 1867.2925 | AL19: =E19+G19+H19+I19+N19+O19 -> 16541.337 | AM19: =SUM(AK19:AL19) -> 18408.63 | AQ19: 5933 | AR19: =(AQ19*14.7) -> 87215.1 | AS19: 175403.67 | AT19: =AS19-AR19 -> 88188.567 | AU19: =AS19/AM19 -> 9.5283392 | AV19: =AR19/AM19 -> 4.7377291
T20: 0
C21: Field operations | D21: Production Inputs | E21: Crop management | F21: Harvesting and | G21: Transportation | H21: total | J21: Field operations | K21: Production Inputs | L21: Crop management | M21: Harvesting and | N21: Transportation | O21: total
F22: Threshing | M22: Threshing
B23: Sc1 | C23: =(E2+E8+E14)/3 -> 3078.1081 | D23: =(J2+J8+J14)/3 -> 20089.845 | E23: =(M2+M8+M14)/3 -> 487.39835 | F23: =(N2+N8+N14)/3 -> 844.65 | G23: =(O2+O8+O14)/3 -> 369.22 | H23: =SUM(C23:G23) -> 24869.222 | I23: Sc1 | J23: =(C23*100)/H23 -> 12.377179 | K23: =(D23*100)/H23 -> 80.781962 | L23: =(E23*100)/H23 -> 1.9598456 | M23: =(F23*100)/H23 -> 3.3963669 | N23: =(G23*100)/H23 -> 1.4846464 | O23: =SUM(J23:M23) -> 98.515354
B24: Sc2 | C24: =(E3+E9+E15)/3 -> 3078.1081 | D24: =(J3+J9+J15)/3 -> 20089.845 | E24: =(M3+M9+M15)/3 -> 487.39835 | F24: =(N3+N9+N15)/3 -> 844.65 | G24: =(O3+O9+O15)/3 -> 369.22 | H24: =SUM(C24:G24) -> 24869.222 | I24: Sc2 | J24: =(C24*100)/H24 -> 12.377179 | K24: =(D24*100)/H24 -> 80.781962 | L24: =(E24*100)/H24 -> 1.9598456 | M24: =(F24*100)/H24 -> 3.3963669 | N24: =(G24*100)/H24 -> 1.4846464 | O24: =SUM(J24:M24) -> 98.515354
B25: Sc3 | C25: =(E4+E10+E16)/3 -> 1976.314 | D25: =(J4+J10+J16)/3 -> 18404.555 | E25: =(M4+M10+M16)/3 -> 468.75945 | F25: =(N4+N10+N16)/3 -> 844.65 | G25: =(O4+O10+O16)/3 -> 369.22 | H25: =SUM(C25:G25) -> 22063.498 | I25: Sc3 | J25: =(H23-H25)/H25 -> 0.12716583 | K25: =(D25*100)/H25 -> 83.416304 | L25: =(E25*100)/H25 -> 2.1245926 | M25: =(F25*100)/H25 -> 3.8282687 | N25: =(G25*100)/H25 -> 1.6734427 | O25: =SUM(J25:M25) -> 89.496331
B26: Sc4 | C26: =(E5+E11+E17)/3 -> 892.36506 | D26: =(J5+J11+J17)/3 -> 17919.642 | E26: =(M5+M11+M17)/3 -> 392.85804 | F26: =(N5+N11+N17)/3 -> 844.65 | G26: =(O5+O11+O17)/3 -> 369.22 | H26: =SUM(C26:G26) -> 20418.735 | I26: Sc4 | J26: =(H23-H26)/H26 -> 0.21796091 | K26: =(D26*100)/H26 -> 87.760784 | L26: =(E26*100)/H26 -> 1.9240077 | M26: =(F26*100)/H26 -> 4.1366421 | N26: =(G26*100)/H26 -> 1.8082413 | O26: =SUM(J26:M26) -> 94.039395
B27: Sc5 | C27: =(E6+E12+E18)/3 -> 892.36506 | D27: =(J6+J12+J18)/3 -> 16765.132 | E27: =(M6+M12+M18)/3 -> 392.85804 | F27: =(N6+N12+N18)/3 -> 844.65 | G27: =(O6+O12+O18)/3 -> 369.22 | H27: =SUM(C27:G27) -> 19264.225 | I27: Sc5 | J27: =(H23-H27)/H27 -> 0.29095365 | K27: =(D27*100)/H27 -> 87.027285 | L27: =(E27*100)/H27 -> 2.039314 | M27: =(F27*100)/H27 -> 4.3845522 | N27: =(G27*100)/H27 -> 1.9166097 | O27: =SUM(J27:M27) -> 93.742104
B28: Sc6 | C28: =(E7+E13+E19)/3 -> 892.36506 | D28: =(J7+J13+J19)/3 -> 15977.2 | E28: =(M7+M13+M19)/3 -> 392.85804 | F28: =(N7+N13+N19)/3 -> 844.65 | G28: =(O7+O13+O19)/3 -> 369.22 | H28: =SUM(C28:G28) -> 18476.293 | I28: Sc6 | J28: =(H23-H28)/H28 -> 0.34600708 | L28: =(E28*100)/H28 -> 2.1262817 | M28: =(F28*100)/H28 -> 4.5715338 | N28: =(G28*100)/H28 -> 1.9983445 | O28: =SUM(J28:M28) -> 7.0438226
C29: =(((C26+C27+C28)/3)-C23)/C23 -> -0.71009301 | D29: =(((D26+D27+D28)/3)-D23)/D23 -> -0.1594099 | H29: =AVERAGE(H26:H28) -> 19386.418 | I29: =(H23-H29)/H23 -> 0.22046543 | K29: =(E23-E28)/E23 -> 0.19396928
C30: =AVERAGE(C23:C28) -> 1801.6042 | D30: =AVERAGE(D23:D28) -> 18207.703 | E30: =AVERAGE(E23:E28) -> 437.02171 | F30: =AVERAGE(F23:F28) -> 844.65 | G30: =AVERAGE(G23:G28) -> 369.22 | H30: =AVERAGE(H23:H29) -> 21335.373 | I30: =(D30*100)/H30 -> 85.340449 | J30: =(D30*100)/H30 -> 85.340449
A31: =(D23-D28)/D23 -> 0.20471262 | C31: =C1 -> Tillage | D31: =D1 -> Sowing | E31: =F1 -> Seed | F31: =G1 -> Fertilizers | G31: =H1 -> Pesticides | H31: =I1 -> Irrigation | I31: =K1 -> Weeding | J31: =L1 -> Inputs application | K31: =N1 -> Harvesting & threshing | L31: =O1 -> Transportation
A32: =(D23-D27)/D23 -> 0.16549223 | B32: Sc1 | C32: =(C2+C8+C14)/3 -> 2228.2002 | D32: =(D2+D8+D14)/3 -> 849.90789 | E32: =(F2+F8+F14)/3 -> 1470 | F32: =(G2+G8+G14)/3 -> 14327.9 | G32: =(H2+H8+H14)/3 -> 364 | H32: =(I2+I8+I14)/3 -> 3927.9452 | I32: =(K2+K8+K14)/3 -> 15.68 | J32: =(L2+L8+L14)/3 -> 471.71835 | K32: =(N2+N8+N14)/3 -> 844.65 | L32: =(O2+O8+O14)/3 -> 369.22
A33: =(D23-D26)/D23 -> 0.10802486 | B33: Sc2 | C33: =(C3+C9+C15)/3 -> 2228.2002 | D33: =(D3+D9+D15)/3 -> 849.90789 | E33: =(F3+F9+F15)/3 -> 1470 | F33: =(G3+G9+G15)/3 -> 14327.9 | G33: =(H3+H9+H15)/3 -> 364 | H33: =(I3+I9+I15)/3 -> 3927.9452 | I33: =(K3+K9+K15)/3 -> 15.68 | J33: =(L3+L9+L15)/3 -> 471.71835 | K33: =(N3+N9+N15)/3 -> 844.65 | L33: =(O3+O9+O15)/3 -> 369.22 | M33: =(C33-C32)/C32 -> 0 | N33: =(D33-D32)/D32 -> 0 | O33: =(E33-E32)/E32 -> 0 | P33: =(F33-F32)/F32 -> 0 | Q33: =(G33-G32)/G32 -> 0 | R33: =(H33-H32)/H32 -> 0 | S33: =(I33-I32)/I32 -> 0 | T33: =(J33-J32)/J32 -> 0
A34: =(D23-D25)/D23 -> 0.083887661 | B34: Sc3 | C34: =(C4+C10+C16)/3 -> 1382.2123 | D34: =(D4+D10+D16)/3 -> 594.10167 | E34: =(F4+F10+F16)/3 -> 1470 | F34: =(G4+G10+G16)/3 -> 12751.8 | G34: =(H4+H10+H16)/3 -> 352 | H34: =(I4+I10+I16)/3 -> 3830.755 | I34: =(K4+K10+K16)/3 -> 15.68 | J34: =(L4+L10+L16)/3 -> 453.07945 | K34: =(N4+N10+N16)/3 -> 844.65 | L34: =(O4+O10+O16)/3 -> 369.22 | M34: =((C34-C32)/C32)*100 -> -37.967319 | N34: =((D34-D32)/D32)*100 -> -30.098111 | O34: =((E34-E32)/E32)*100 -> 0 | P34: =((F34-F32)/F32)*100 -> -11.000216 | Q34: =((G34-G32)/G32)*100 -> -3.2967033 | R34: =((H34-H32)/H32)*100 -> -2.4743248 | S34: =((I34-I32)/I32)*100 -> 0 | T34: =((J34-J32)/J32)*100 -> -3.9512777
B35: Sc4 | C35: =(C5+C11+C17)/3 -> 0 | D35: =(D5+D11+D17)/3 -> 892.36506 | E35: =(F5+F11+F17)/3 -> 1470 | F35: =(G5+G11+G17)/3 -> 12751.8 | G35: =(H5+H11+H17)/3 -> 462 | H35: =(I5+I11+I17)/3 -> 3235.8424 | I35: =(K5+K11+K17)/3 -> 0 | J35: =(L5+L11+L17)/3 -> 392.85804 | K35: =(N5+N11+N17)/3 -> 844.65 | L35: =(O5+O11+O17)/3 -> 369.22 | M35: =((C35-C32)/C32)*100 -> -100 | N35: =((D35-D32)/D32)*100 -> 4.9955021 | O35: =((E35-E32)/E32)*100 -> 0 | P35: =((F35-F32)/F32)*100 -> -11.000216 | Q35: =((G35-G32)/G32)*100 -> 26.923077 | R35: =((H35-H32)/H32)*100 -> -17.61997 | S35: =((I35-I32)/I32)*100 -> -100 | T35: =((J35-J32)/J32)*100 -> -16.717668
B36: Sc5 | C36: =(C6+C12+C18)/3 -> 0 | D36: =(D6+D12+D18)/3 -> 892.36506 | E36: =(F6+F12+F18)/3 -> 1470 | F36: =(G6+G12+G18)/3 -> 11597.29 | G36: =(H6+H12+H18)/3 -> 462 | H36: =(I6+I12+I18)/3 -> 3235.8424 | I36: =(K6+K12+K18)/3 -> 0 | J36: =(L6+L12+L18)/3 -> 392.85804 | K36: =(N6+N12+N18)/3 -> 844.65 | L36: =(O6+O12+O18)/3 -> 369.22 | M36: =((C36-C32)/C32)*100 -> -100 | N36: =((D36-D32)/D32)*100 -> 4.9955021 | O36: =((E36-E32)/E32)*100 -> 0 | P36: =((F36-F32)/F32)*100 -> -19.057995 | Q36: =((G36-G32)/G32)*100 -> 26.923077 | R36: =((H36-H32)/H32)*100 -> -17.61997 | S36: =((I36-I32)/I32)*100 -> -100 | T36: =((J36-J32)/J32)*100 -> -16.717668
B37: Sc6 | C37: =(C7+C13+C19)/3 -> 0 | D37: =(D7+D13+D19)/3 -> 892.36506 | E37: =(F7+F13+F19)/3 -> 1470 | F37: =(G7+G13+G19)/3 -> 10809.358 | G37: =(H7+H13+H19)/3 -> 462 | H37: =(I7+I13+I19)/3 -> 3235.8424 | I37: =(K7+K13+K19)/3 -> 0 | J37: =(L7+L13+L19)/3 -> 392.85804 | K37: =(N7+N13+N19)/3 -> 844.65 | L37: =(O7+O13+O19)/3 -> 369.22 | M37: =((C37-C32)/C32)*100 -> -100 | N37: =((D37-D32)/D32)*100 -> 4.9955021 | O37: =((E37-E32)/E32)*100 -> 0 | P37: =((F37-F32)/F32)*100 -> -24.557277 | Q37: =((G37-G32)/G32)*100 -> 26.923077 | R37: =((H37-H32)/H32)*100 -> -17.61997 | S37: =((I37-I32)/I32)*100 -> -100 | T37: =((J37-J32)/J32)*100 -> -16.717668
D38: =C32+H32 -> 6156.1454 | E38: =(D38*100)/H23 -> 24.754073 | F38: =AVERAGE(F32:F37) -> 12761.008 | G38: =AVERAGE(G32:G37) -> 411 | H38: =AVERAGE(H32:H37) -> 3565.6954 | O38: =AVERAGE(O35:O37) -> 0 | P38: =AVERAGE(P35:P37) -> -18.205163 | Q38: =AVERAGE(Q35:Q37) -> 26.923077 | R38: =AVERAGE(R35:R37) -> -17.61997
D39: =H38 -> 3565.6954 | E39: =(D39*100)/H24 -> 14.337785 | F39: =(F38*100)/D30 -> 70.085764 | G39: =(G38*100)/H30 -> 1.9263783 | H39: =(H38*100)/H30 -> 16.712599 | K39: =SUM(I32:J32) -> 487.39835
H40: =(H38*100)/D30 -> 19.583444 | J40: =SUM(C32:L32) -> 24869.222
J41: =SUM(C33:L33) -> 24869.222
J42: =SUM(C34:L34) -> 22063.498
J43: =SUM(C35:L35) -> 20418.736
J44: =SUM(C36:L36) -> 19264.225
J45: =SUM(C37:L37) -> 18476.293
J46: =AVERAGE(J40:J45) -> 21660.199

Sheet System
A1: Rep | B1: Scenarios | C1: Energy use in field operations | D1: Energy use in production Inputs | E1: Energy use in crop management | F1: Energy use in Harvesting and Threshing | G1: Energy use in transportation | H1: Total energy use in productions | I1: Direct energy | J1: Indirect energy | K1: Renewable energy | L1: Non-renewable energy | M1: Total energy input | N1: Grain energy output | O1: Energy out in the harvested total biomass (grain + straw) | P1: Net energy | Q1: Grain specific energy | R1: Total specific energy | AI1: Direct energy MJ ha−1 | AJ1: Indirect energy MJ ha−1 | AK1: Renewable energy (MJ ha-1) | AL1: Non-renewable energy (kg MJ-1) | AM1: Total energy input ×103 MJ ha−1 | AN1: Grain energy output | AO1: Total energy output (Energy in the harvested total biomass (grain + straw) ×103 MJ ha−1 | AP1: Net energy ×103 MJ ha−1 | AQ1: Grain specific energy | AR1: Total specific energy
A2: 1 | B2: 1 | C2: =(Rice!F2+Wheat!E2) -> 7413.8689 | D2: =Rice!K2+Wheat!J2 -> 56433.769 | E2: =Rice!N2+Wheat!M2 -> 2811.2044 | F2: =Rice!O2+Wheat!N2 -> 1970.85 | G2: =Rice!P2+Wheat!O2 -> 754.22 | H2: =(Rice!R2+Wheat!P2) -> 69383.912 | I2: =Rice!$S$2+Wheat!AE2 -> 36297.162 | J2: =Rice!$T$2+Wheat!AF2 -> 33086.75 | K2: =Rice!$Y$2+Wheat!AK2 -> 4464.9544 | L2: =Rice!$Z$2+Wheat!AL2 -> 64918.958 | M2: =Rice!$R$2+Wheat!P2 -> 69383.912 | N2: =Rice!AF2+Wheat!AR2 -> 174621.3 | O2: =Rice!AG2+Wheat!AS2 -> 376927.5 | P2: =O2-M2 -> 307543.59 | Q2: =N2/M2 -> 2.5167405 | R2: =O2/M2 -> 5.4324913 | U2: =(M2+M8+M14)/3 -> 69521.411 | V2: =(N2+N8+N14)/3 -> 173268.9 | W2: =(O2+O8+O14)/3 -> 371241.45 | X2: =(P2+P8+P14)/3 -> 301720.04 | Y2: =(Q2+Q8+Q14)/3 -> 2.4926428 | AI2: =Rice!S2+Wheat!AE2 -> 36297.162 | AJ2: =Rice!T2+Wheat!AF2 -> 33086.75 | AK2: =Rice!Y2+Wheat!AK2 -> 4464.9544 | AL2: =Rice!Z2+Wheat!AL2 -> 64918.958 | AM2: =Rice!U2+Wheat!AG2 -> 69383.912 | AN2: =Rice!AF2+Wheat!AR2 -> 174621.3 | AO2: =Rice!AG2+Wheat!AS2 -> 376927.5 | AP2: =AO2-AM2 -> 307543.59 | AQ2: =AN2/AM2 -> 2.5167405 | AR2: =AO2/AM2 -> 5.4324913
A3: 1 | B3: 2 | C3: =(Rice!F3+Wheat!E3) -> 7413.8689 | D3: =Rice!K3+Wheat!J3 -> 56433.769 | E3: =Rice!N3+Wheat!M3 -> 2811.2044 | F3: =Rice!O3+Wheat!N3 -> 1970.85 | G3: =Rice!P3+Wheat!O3 -> 754.22 | H3: =(Rice!R3+Wheat!P3) -> 69383.912 | I3: =Rice!$S$2+Wheat!AE3 -> 36297.162 | J3: =Rice!$T$2+Wheat!AF3 -> 33086.75 | K3: =Rice!$Y$2+Wheat!AK3 -> 4464.9544 | L3: =Rice!$Z$2+Wheat!AL3 -> 64918.958 | M3: =Rice!$R$2+Wheat!P3 -> 69383.912 | N3: =Rice!AF3+Wheat!AR3 -> 177002.7 | O3: =Rice!AG3+Wheat!AS3 -> 382295.01 | P3: =O3-M3 -> 312911.1 | Q3: =N3/M3 -> 2.5510625 | R3: =O3/M3 -> 5.5098508 | U3: =(M3+M9+M15)/3 -> 69521.411 | V3: =(N3+N9+N15)/3 -> 176390.2 | W3: =(O3+O9+O15)/3 -> 376756.48 | X3: =(P3+P9+P15)/3 -> 307235.07 | Y3: =(Q3+Q9+Q15)/3 -> 2.5373751 | AI3: =Rice!S3+Wheat!AE3 -> 36297.162 | AJ3: =Rice!T3+Wheat!AF3 -> 33086.75 | AK3: =Rice!Y3+Wheat!AK3 -> 4464.9544 | AL3: =Rice!Z3+Wheat!AL3 -> 64918.958 | AM3: =Rice!U3+Wheat!AG3 -> 69383.912 | AN3: =Rice!AF3+Wheat!AR3 -> 177002.7 | AO3: =Rice!AG3+Wheat!AS3 -> 382295.01 | AP3: =AO3-AM3 -> 312911.1 | AQ3: =AN3/AM3 -> 2.5510625 | AR3: =AO3/AM3 -> 5.5098508
A4: 1 | B4: 3 | C4: =(Rice!F4+Wheat!E4) -> 3708.739 | D4: =Rice!K4+Wheat!J4 -> 49101.272 | E4: =Rice!N4+Wheat!M4 -> 2414.5302 | F4: =Rice!O4+Wheat!N4 -> 1970.85 | G4: =Rice!P4+Wheat!O4 -> 754.22 | H4: =(Rice!R4+Wheat!P4) -> 57949.611 | I4: =Rice!$S$2+Wheat!AE4 -> 34945.869 | J4: =Rice!$T$2+Wheat!AF4 -> 31498.65 | K4: =Rice!$Y$2+Wheat!AK4 -> 4432.9484 | L4: =Rice!$Z$2+Wheat!AL4 -> 62011.571 | M4: =Rice!$R$2+Wheat!P4 -> 66444.519 | N4: =Rice!AF4+Wheat!AR4 -> 172607.4 | O4: =Rice!AG4+Wheat!AS4 -> 377804.2 | P4: =O4-M4 -> 311359.68 | Q4: =N4/M4 -> 2.5977673 | R4: =O4/M4 -> 5.68601 | U4: =(M4+M10+M16)/3 -> 66715.688 | V4: =(N4+N10+N16)/3 -> 176826.3 | W4: =(O4+O10+O16)/3 -> 379297.55 | X4: =(P4+P10+P16)/3 -> 312581.86 | Y4: =(Q4+Q10+Q16)/3 -> 2.6505663 | AI4: =Rice!S4+Wheat!AE4 -> 29256.111 | AJ4: =Rice!T4+Wheat!AF4 -> 28693.5 | AK4: =Rice!Y4+Wheat!AK4 -> 4178.5302 | AL4: =Rice!Z4+Wheat!AL4 -> 53771.081 | AM4: =Rice!U4+Wheat!AG4 -> 57949.611 | AN4: =Rice!AF4+Wheat!AR4 -> 172607.4 | AO4: =Rice!AG4+Wheat!AS4 -> 377804.2 | AP4: =AO4-AM4 -> 319854.59 | AQ4: =AN4/AM4 -> 2.9785774 | AR4: =AO4/AM4 -> 6.5195295
A5: 1 | B5: 4 | C5: =(Rice!F5+Wheat!E5) -> 2624.7901 | D5: =Rice!K5+Wheat!J5 -> 47725.331 | E5: =Rice!N5+Wheat!M5 -> 2240.7368 | F5: =Rice!O5+Wheat!N5 -> 1970.85 | G5: =Rice!P5+Wheat!O5 -> 754.22 | H5: =(Rice!R5+Wheat!P5) -> 55315.928 | I5: =Rice!$S$2+Wheat!AE5 -> 33203.229 | J5: =Rice!$T$2+Wheat!AF5 -> 31608.65 | K5: =Rice!$Y$2+Wheat!AK5 -> 4358.2593 | L5: =Rice!$Z$2+Wheat!AL5 -> 60453.62 | M5: =Rice!$R$2+Wheat!P5 -> 64811.879 | N5: =Rice!AF5+Wheat!AR5 -> 181706.7 | O5: =Rice!AG5+Wheat!AS5 -> 394484.65 | P5: =O5-M5 -> 329672.77 | Q5: =N5/M5 -> 2.8036018 | R5: =O5/M5 -> 6.0866104 | U5: =(M5+M11+M17)/3 -> 65070.925 | V5: =(N5+N11+N17)/3 -> 180545.4 | W5: =(O5+O11+O17)/3 -> 391659.22 | X5: =(P5+P11+P17)/3 -> 326588.29 | Y5: =(Q5+Q11+Q17)/3 -> 2.774738 | AI5: =Rice!S5+Wheat!AE5 -> 26522.428 | AJ5: =Rice!T5+Wheat!AF5 -> 28793.5 | AK5: =Rice!Y5+Wheat!AK5 -> 4004.7368 | AL5: =Rice!Z5+Wheat!AL5 -> 51311.191 | AM5: =Rice!U5+Wheat!AG5 -> 55315.928 | AN5: =Rice!AF5+Wheat!AR5 -> 181706.7 | AO5: =Rice!AG5+Wheat!AS5 -> 394484.65 | AP5: =AO5-AM5 -> 339168.73 | AQ5: =AN5/AM5 -> 3.2848893 | AR5: =AO5/AM5 -> 7.1314839
A6: 1 | B6: 5 | C6: =(Rice!F6+Wheat!E6) -> 1314.6901 | D6: =Rice!K6+Wheat!J6 -> 45692.74 | E6: =Rice!N6+Wheat!M6 -> 2126.1759 | F6: =Rice!O6+Wheat!N6 -> 1970.85 | G6: =Rice!P6+Wheat!O6 -> 754.22 | H6: =(Rice!R6+Wheat!P6) -> 51858.676 | I6: =Rice!$S$2+Wheat!AE6 -> 33203.229 | J6: =Rice!$T$2+Wheat!AF6 -> 30254.985 | K6: =Rice!$Y$2+Wheat!AK6 -> 4358.2593 | L6: =Rice!$Z$2+Wheat!AL6 -> 59099.954 | M6: =Rice!$R$2+Wheat!P6 -> 63458.214 | N6: =Rice!AF6+Wheat!AR6 -> 185220 | O6: =Rice!AG6+Wheat!AS6 -> 399490.88 | P6: =O6-M6 -> 336032.67 | Q6: =N6/M6 -> 2.9187711 | R6: =O6/M6 -> 6.2953377 | U6: =(M6+M12+M18)/3 -> 63916.414 | V6: =(N6+N12+N18)/3 -> 183818.6 | W6: =(O6+O12+O18)/3 -> 396703.67 | X6: =(P6+P12+P18)/3 -> 332787.26 | Y6: =(Q6+Q12+Q18)/3 -> 2.8764431 | AI6: =Rice!S6+Wheat!AE6 -> 24066.72 | AJ6: =Rice!T6+Wheat!AF6 -> 27791.957 | AK6: =Rice!Y6+Wheat!AK6 -> 3890.1759 | AL6: =Rice!Z6+Wheat!AL6 -> 47968.5 | AM6: =Rice!U6+Wheat!AG6 -> 51858.676 | AN6: =Rice!AF6+Wheat!AR6 -> 185220 | AO6: =Rice!AG6+Wheat!AS6 -> 399490.88 | AP6: =AO6-AM6 -> 347632.21 | AQ6: =AN6/AM6 -> 3.5716299 | AR6: =AO6/AM6 -> 7.7034532
A7: 1 | B7: 6 | C7: =(Rice!F7+Wheat!E7) -> 1314.6901 | D7: =Rice!K7+Wheat!J7 -> 43880.017 | E7: =Rice!N7+Wheat!M7 -> 2126.1759 | F7: =Rice!O7+Wheat!N7 -> 1970.85 | G7: =Rice!P7+Wheat!O7 -> 754.22 | H7: =(Rice!R7+Wheat!P7) -> 50045.953 | I7: =Rice!$S$2+Wheat!AE7 -> 33203.229 | J7: =Rice!$T$2+Wheat!AF7 -> 29469.594 | K7: =Rice!$Y$2+Wheat!AK7 -> 4358.2593 | L7: =Rice!$Z$2+Wheat!AL7 -> 58314.564 | M7: =Rice!$R$2+Wheat!P7 -> 62672.823 | N7: =Rice!AF7+Wheat!AR7 -> 188160 | O7: =Rice!AG7+Wheat!AS7 -> 408510.6 | P7: =O7-M7 -> 345837.78 | Q7: =N7/M7 -> 3.0022582 | R7: =O7/M7 -> 6.5181458 | U7: =(M7+M13+M19)/3 -> 63128.483 | V7: =(N7+N13+N19)/3 -> 188978.3 | W7: =(O7+O13+O19)/3 -> 404428.26 | X7: =(P7+P13+P19)/3 -> 341299.78 | Y7: =(Q7+Q13+Q19)/3 -> 2.9938665 | AI7: =Rice!S7+Wheat!AE7 -> 24066.72 | AJ7: =Rice!T7+Wheat!AF7 -> 25979.233 | AK7: =Rice!Y7+Wheat!AK7 -> 3890.1759 | AL7: =Rice!Z7+Wheat!AL7 -> 46155.777 | AM7: =Rice!U7+Wheat!AG7 -> 50045.953 | AN7: =Rice!AF7+Wheat!AR7 -> 188160 | AO7: =Rice!AG7+Wheat!AS7 -> 408510.6 | AP7: =AO7-AM7 -> 358464.65 | AQ7: =AN7/AM7 -> 3.7597446 | AR7: =AO7/AM7 -> 8.16271
A8: 2 | B8: 1 | C8: =(Rice!F8+Wheat!E8) -> 7416.455 | D8: =Rice!K8+Wheat!J8 -> 59653.964 | E8: =Rice!N8+Wheat!M8 -> 3169.0037 | F8: =Rice!O8+Wheat!N8 -> 1970.85 | G8: =Rice!P8+Wheat!O8 -> 754.22 | H8: =(Rice!R8+Wheat!P8) -> 72964.492 | I8: =Rice!$S$2+Wheat!AE8 -> 36807.758 | J8: =Rice!$T$2+Wheat!AF8 -> 33086.75 | K8: =Rice!$Y$2+Wheat!AK8 -> 4516.0139 | L8: =Rice!$Z$2+Wheat!AL8 -> 65378.494 | M8: =Rice!$R$2+Wheat!P8 -> 69894.508 | N8: =Rice!AF8+Wheat!AR8 -> 165977.7 | O8: =Rice!AG8+Wheat!AS8 -> 356568.68 | P8: =O8-M8 -> 286674.18 | Q8: =N8/M8 -> 2.3746887 | R8: =O8/M8 -> 5.1015265 | V8: =(V7-V2)/V2 -> 0.090664857 | X8: =(X7-X2)/X2 -> 0.13118034 | Y8: =(Y7-Y2)/Y2 -> 0.20108123 | AI8: =Rice!S8+Wheat!AE8 -> 39877.742 | AJ8: =Rice!T8+Wheat!AF8 -> 33086.75 | AK8: =Rice!Y8+Wheat!AK8 -> 4822.7537 | AL8: =Rice!Z8+Wheat!AL8 -> 68141.739 | AM8: =Rice!U8+Wheat!AG8 -> 72964.492 | AN8: =Rice!AF8+Wheat!AR8 -> 165977.7 | AO8: =Rice!AG8+Wheat!AS8 -> 356568.68 | AP8: =AO8-AM8 -> 283604.19 | AQ8: =AN8/AM8 -> 2.2747736 | AR8: =AO8/AM8 -> 4.8868795
A9: 2 | B9: 2 | C9: =(Rice!F9+Wheat!E9) -> 7416.455 | D9: =Rice!K9+Wheat!J9 -> 59653.964 | E9: =Rice!N9+Wheat!M9 -> 3169.0037 | F9: =Rice!O9+Wheat!N9 -> 1970.85 | G9: =Rice!P9+Wheat!O9 -> 754.22 | H9: =(Rice!R9+Wheat!P9) -> 72964.492 | I9: =Rice!$S$2+Wheat!AE9 -> 36807.758 | J9: =Rice!$T$2+Wheat!AF9 -> 33086.75 | K9: =Rice!$Y$2+Wheat!AK9 -> 4516.0139 | L9: =Rice!$Z$2+Wheat!AL9 -> 65378.494 | M9: =Rice!$R$2+Wheat!P9 -> 69894.508 | N9: =Rice!AF9+Wheat!AR9 -> 173166 | O9: =Rice!AG9+Wheat!AS9 -> 365941.25 | P9: =O9-M9 -> 296046.74 | Q9: =N9/M9 -> 2.4775337 | R9: =O9/M9 -> 5.2356224 | V9: =(V6-V2)/V2 -> 0.060886287 | X9: =(X6-X2)/X2 -> 0.10296704 | Y9: =(Y6-Y2)/Y2 -> 0.15397324 | AI9: =Rice!S9+Wheat!AE9 -> 39877.742 | AJ9: =Rice!T9+Wheat!AF9 -> 33086.75 | AK9: =Rice!Y9+Wheat!AK9 -> 4822.7537 | AL9: =Rice!Z9+Wheat!AL9 -> 68141.739 | AM9: =Rice!U9+Wheat!AG9 -> 72964.492 | AN9: =Rice!AF9+Wheat!AR9 -> 173166 | AO9: =Rice!AG9+Wheat!AS9 -> 365941.25 | AP9: =AO9-AM9 -> 292976.76 | AQ9: =AN9/AM9 -> 2.3732914 | AR9: =AO9/AM9 -> 5.0153333
A10: 2 | B10: 3 | C10: =(Rice!F10+Wheat!E10) -> 3708.739 | D10: =Rice!K10+Wheat!J10 -> 52290.457 | E10: =Rice!N10+Wheat!M10 -> 2768.8841 | F10: =Rice!O10+Wheat!N10 -> 1970.85 | G10: =Rice!P10+Wheat!O10 -> 754.22 | H10: =(Rice!R10+Wheat!P10) -> 61493.15 | I10: =Rice!$S$2+Wheat!AE10 -> 35698.123 | J10: =Rice!$T$2+Wheat!AF10 -> 31498.65 | K10: =Rice!$Y$2+Wheat!AK10 -> 4508.1739 | L10: =Rice!$Z$2+Wheat!AL10 -> 62688.6 | M10: =Rice!$R$2+Wheat!P10 -> 67196.773 | N10: =Rice!AF10+Wheat!AR10 -> 175444.5 | O10: =Rice!AG10+Wheat!AS10 -> 365439.15 | P10: =O10-M10 -> 298242.38 | Q10: =N10/M10 -> 2.6109066 | R10: =O10/M10 -> 5.4383437 | V10: =(V5-V2)/V2 -> 0.041995419 | X10: =(X5-X2)/X2 -> 0.082421607 | Y10: =(Y5-Y2)/Y2 -> 0.11317111 | AI10: =Rice!S10+Wheat!AE10 -> 32799.65 | AJ10: =Rice!T10+Wheat!AF10 -> 28693.5 | AK10: =Rice!Y10+Wheat!AK10 -> 4532.8841 | AL10: =Rice!Z10+Wheat!AL10 -> 56960.266 | AM10: =Rice!U10+Wheat!AG10 -> 61493.15 | AN10: =Rice!AF10+Wheat!AR10 -> 175444.5 | AO10: =Rice!AG10+Wheat!AS10 -> 365439.15 | AP10: =AO10-AM10 -> 303946 | AQ10: =AN10/AM10 -> 2.8530739 | AR10: =AO10/AM10 -> 5.9427619
A11: 2 | B11: 4 | C11: =(Rice!F11+Wheat!E11) -> 2624.7901 | D11: =Rice!K11+Wheat!J11 -> 50839.579 | E11: =Rice!N11+Wheat!M11 -> 2586.7643 | F11: =Rice!O11+Wheat!N11 -> 1970.85 | G11: =Rice!P11+Wheat!O11 -> 754.22 | H11: =(Rice!R11+Wheat!P11) -> 58776.203 | I11: =Rice!$S$2+Wheat!AE11 -> 33676.977 | J11: =Rice!$T$2+Wheat!AF11 -> 31608.65 | K11: =Rice!$Y$2+Wheat!AK11 -> 4405.6341 | L11: =Rice!$Z$2+Wheat!AL11 -> 60879.993 | M11: =Rice!$R$2+Wheat!P11 -> 65285.627 | N11: =Rice!AF11+Wheat!AR11 -> 173739.3 | O11: =Rice!AG11+Wheat!AS11 -> 380481.5 | P11: =O11-M11 -> 315195.87 | Q11: =N11/M11 -> 2.6612182 | R11: =O11/M11 -> 5.827952 | V11: =AVERAGE(V8:V10) -> 0.064515521 | X11: =AVERAGE(X8:X10) -> 0.10552299 | Y11: =AVERAGE(Y8:Y10) -> 0.15607519 | AI11: =Rice!S11+Wheat!AE11 -> 29982.703 | AJ11: =Rice!T11+Wheat!AF11 -> 28793.5 | AK11: =Rice!Y11+Wheat!AK11 -> 4350.7643 | AL11: =Rice!Z11+Wheat!AL11 -> 54425.439 | AM11: =Rice!U11+Wheat!AG11 -> 58776.203 | AN11: =Rice!AF11+Wheat!AR11 -> 173739.3 | AO11: =Rice!AG11+Wheat!AS11 -> 380481.5 | AP11: =AO11-AM11 -> 321705.29 | AQ11: =AN11/AM11 -> 2.9559463 | AR11: =AO11/AM11 -> 6.4733936
A12: 2 | B12: 5 | C12: =(Rice!F12+Wheat!E12) -> 1314.6901 | D12: =Rice!K12+Wheat!J12 -> 49424.95 | E12: =Rice!N12+Wheat!M12 -> 2473.2562 | F12: =Rice!O12+Wheat!N12 -> 1970.85 | G12: =Rice!P12+Wheat!O12 -> 754.22 | H12: =(Rice!R12+Wheat!P12) -> 55937.966 | I12: =Rice!$S$2+Wheat!AE12 -> 33676.977 | J12: =Rice!$T$2+Wheat!AF12 -> 30753.239 | K12: =Rice!$Y$2+Wheat!AK12 -> 4405.6341 | L12: =Rice!$Z$2+Wheat!AL12 -> 60024.582 | M12: =Rice!$R$2+Wheat!P12 -> 64430.216 | N12: =Rice!AF12+Wheat!AR12 -> 175944.3 | O12: =Rice!AG12+Wheat!AS12 -> 379623.04 | P12: =O12-M12 -> 315192.82 | Q12: =N12/M12 -> 2.7307731 | R12: =O12/M12 -> 5.8920031 | AI12: =Rice!S12+Wheat!AE12 -> 27537.522 | AJ12: =Rice!T12+Wheat!AF12 -> 28400.445 | AK12: =Rice!Y12+Wheat!AK12 -> 4237.2562 | AL12: =Rice!Z12+Wheat!AL12 -> 51700.71 | AM12: =Rice!U12+Wheat!AG12 -> 55937.966 | AN12: =Rice!AF12+Wheat!AR12 -> 175944.3 | AO12: =Rice!AG12+Wheat!AS12 -> 379623.04 | AP12: =AO12-AM12 -> 323685.07 | AQ12: =AN12/AM12 -> 3.1453467 | AR12: =AO12/AM12 -> 6.7865005
A13: 2 | B13: 6 | C13: =(Rice!F13+Wheat!E13) -> 1314.6901 | D13: =Rice!K13+Wheat!J13 -> 47501.689 | E13: =Rice!N13+Wheat!M13 -> 2473.2562 | F13: =Rice!O13+Wheat!N13 -> 1970.85 | G13: =Rice!P13+Wheat!O13 -> 754.22 | H13: =(Rice!R13+Wheat!P13) -> 54014.706 | I13: =Rice!$S$2+Wheat!AE13 -> 33676.977 | J13: =Rice!$T$2+Wheat!AF13 -> 29974.829 | K13: =Rice!$Y$2+Wheat!AK13 -> 4405.6341 | L13: =Rice!$Z$2+Wheat!AL13 -> 59246.172 | M13: =Rice!$R$2+Wheat!P13 -> 63651.806 | N13: =Rice!AF13+Wheat!AR13 -> 184470.3 | O13: =Rice!AG13+Wheat!AS13 -> 387316.02 | P13: =O13-M13 -> 323664.21 | Q13: =N13/M13 -> 2.8981157 | R13: =O13/M13 -> 6.0849179 | AI13: =Rice!S13+Wheat!AE13 -> 27537.522 | AJ13: =Rice!T13+Wheat!AF13 -> 26477.184 | AK13: =Rice!Y13+Wheat!AK13 -> 4237.2562 | AL13: =Rice!Z13+Wheat!AL13 -> 49777.449 | AM13: =Rice!U13+Wheat!AG13 -> 54014.706 | AN13: =Rice!AF13+Wheat!AR13 -> 184470.3 | AO13: =Rice!AG13+Wheat!AS13 -> 387316.02 | AP13: =AO13-AM13 -> 333301.31 | AQ13: =AN13/AM13 -> 3.4151866 | AR13: =AO13/AM13 -> 7.1705661
A14: 3 | B14: 1 | C14: =(Rice!F14+Wheat!E14) -> 7416.455 | D14: =Rice!K14+Wheat!J14 -> 56368.737 | E14: =Rice!N14+Wheat!M14 -> 2803.9785 | F14: =Rice!O14+Wheat!N14 -> 1970.85 | G14: =Rice!P14+Wheat!O14 -> 754.22 | H14: =(Rice!R14+Wheat!P14) -> 69314.24 | I14: =Rice!$S$2+Wheat!AE14 -> 36199.063 | J14: =Rice!$T$2+Wheat!AF14 -> 33086.75 | K14: =Rice!$Y$2+Wheat!AK14 -> 4455.1444 | L14: =Rice!$Z$2+Wheat!AL14 -> 64830.669 | M14: =Rice!$R$2+Wheat!P14 -> 69285.813 | N14: =Rice!AF14+Wheat!AR14 -> 179207.7 | O14: =Rice!AG14+Wheat!AS14 -> 380228.17 | P14: =O14-M14 -> 310942.36 | Q14: =N14/M14 -> 2.5864992 | R14: =O14/M14 -> 5.4878214 | AI14: =Rice!S14+Wheat!AE14 -> 36227.49 | AJ14: =Rice!T14+Wheat!AF14 -> 33086.75 | AK14: =Rice!Y14+Wheat!AK14 -> 4457.7285 | AL14: =Rice!Z14+Wheat!AL14 -> 64856.512 | AM14: =Rice!U14+Wheat!AG14 -> 69314.24 | AN14: =Rice!AF14+Wheat!AR14 -> 179207.7 | AO14: =Rice!AG14+Wheat!AS14 -> 380228.17 | AP14: =AO14-AM14 -> 310913.93 | AQ14: =AN14/AM14 -> 2.5854384 | AR14: =AO14/AM14 -> 5.4855708
A15: 3 | B15: 2 | C15: =(Rice!F15+Wheat!E15) -> 7416.455 | D15: =Rice!K15+Wheat!J15 -> 56368.737 | E15: =Rice!N15+Wheat!M15 -> 2803.9785 | F15: =Rice!O15+Wheat!N15 -> 1970.85 | G15: =Rice!P15+Wheat!O15 -> 754.22 | H15: =(Rice!R15+Wheat!P15) -> 69314.24 | I15: =Rice!$S$2+Wheat!AE15 -> 36199.063 | J15: =Rice!$T$2+Wheat!AF15 -> 33086.75 | K15: =Rice!$Y$2+Wheat!AK15 -> 4455.1444 | L15: =Rice!$Z$2+Wheat!AL15 -> 64830.669 | M15: =Rice!$R$2+Wheat!P15 -> 69285.813 | N15: =Rice!AF15+Wheat!AR15 -> 179001.9 | O15: =Rice!AG15+Wheat!AS15 -> 382033.17 | P15: =O15-M15 -> 312747.36 | Q15: =N15/M15 -> 2.5835289 | R15: =O15/M15 -> 5.5138729 | AI15: =Rice!S15+Wheat!AE15 -> 36227.49 | AJ15: =Rice!T15+Wheat!AF15 -> 33086.75 | AK15: =Rice!Y15+Wheat!AK15 -> 4457.7285 | AL15: =Rice!Z15+Wheat!AL15 -> 64856.512 | AM15: =Rice!U15+Wheat!AG15 -> 69314.24 | AN15: =Rice!AF15+Wheat!AR15 -> 179001.9 | AO15: =Rice!AG15+Wheat!AS15 -> 382033.17 | AP15: =AO15-AM15 -> 312718.93 | AQ15: =AN15/AM15 -> 2.5824693 | AR15: =AO15/AM15 -> 5.5116116
A16: 3 | B16: 3 | C16: =(Rice!F16+Wheat!E16) -> 3708.739 | D16: =Rice!K16+Wheat!J16 -> 49361.833 | E16: =Rice!N16+Wheat!M16 -> 2443.4815 | F16: =Rice!O16+Wheat!N16 -> 1970.85 | G16: =Rice!P16+Wheat!O16 -> 754.22 | H16: =(Rice!R16+Wheat!P16) -> 58239.124 | I16: =Rice!$S$2+Wheat!AE16 -> 35007.121 | J16: =Rice!$T$2+Wheat!AF16 -> 31498.65 | K16: =Rice!$Y$2+Wheat!AK16 -> 4439.0737 | L16: =Rice!$Z$2+Wheat!AL16 -> 62066.698 | M16: =Rice!$R$2+Wheat!P16 -> 66505.771 | N16: =Rice!AF16+Wheat!AR16 -> 182427 | O16: =Rice!AG16+Wheat!AS16 -> 394649.3 | P16: =O16-M16 -> 328143.53 | Q16: =N16/M16 -> 2.7430251 | R16: =O16/M16 -> 5.9340609 | AI16: =Rice!S16+Wheat!AE16 -> 29545.624 | AJ16: =Rice!T16+Wheat!AF16 -> 28693.5 | AK16: =Rice!Y16+Wheat!AK16 -> 4207.4815 | AL16: =Rice!Z16+Wheat!AL16 -> 54031.642 | AM16: =Rice!U16+Wheat!AG16 -> 58239.124 | AN16: =Rice!AF16+Wheat!AR16 -> 182427 | AO16: =Rice!AG16+Wheat!AS16 -> 394649.3 | AP16: =AO16-AM16 -> 336410.18 | AQ16: =AN16/AM16 -> 3.1323789 | AR16: =AO16/AM16 -> 6.7763605
A17: 3 | B17: 4 | C17: =(Rice!F17+Wheat!E17) -> 2624.7901 | D17: =Rice!K17+Wheat!J17 -> 47598.712 | E17: =Rice!N17+Wheat!M17 -> 2226.6679 | F17: =Rice!O17+Wheat!N17 -> 1970.85 | G17: =Rice!P17+Wheat!O17 -> 754.22 | H17: =(Rice!R17+Wheat!P17) -> 55175.24 | I17: =Rice!$S$2+Wheat!AE17 -> 33506.619 | J17: =Rice!$T$2+Wheat!AF17 -> 31608.65 | K17: =Rice!$Y$2+Wheat!AK17 -> 4388.5983 | L17: =Rice!$Z$2+Wheat!AL17 -> 60726.671 | M17: =Rice!$R$2+Wheat!P17 -> 65115.269 | N17: =Rice!AF17+Wheat!AR17 -> 186190.2 | O17: =Rice!AG17+Wheat!AS17 -> 400011.5 | P17: =O17-M17 -> 334896.23 | Q17: =N17/M17 -> 2.8593939 | R17: =O17/M17 -> 6.143129 | AI17: =Rice!S17+Wheat!AE17 -> 26381.74 | AJ17: =Rice!T17+Wheat!AF17 -> 28793.5 | AK17: =Rice!Y17+Wheat!AK17 -> 3990.6679 | AL17: =Rice!Z17+Wheat!AL17 -> 51184.572 | AM17: =Rice!U17+Wheat!AG17 -> 55175.24 | AN17: =Rice!AF17+Wheat!AR17 -> 186190.2 | AO17: =Rice!AG17+Wheat!AS17 -> 400011.5 | AP17: =AO17-AM17 -> 344836.26 | AQ17: =AN17/AM17 -> 3.3745245 | AR17: =AO17/AM17 -> 7.2498371
A18: 3 | B18: 5 | C18: =(Rice!F18+Wheat!E18) -> 1314.6901 | D18: =Rice!K18+Wheat!J18 -> 45150.596 | E18: =Rice!N18+Wheat!M18 -> 2063.4881 | F18: =Rice!O18+Wheat!N18 -> 1970.85 | G18: =Rice!P18+Wheat!O18 -> 754.22 | H18: =(Rice!R18+Wheat!P18) -> 51253.844 | I18: =Rice!$S$2+Wheat!AE18 -> 33506.619 | J18: =Rice!$T$2+Wheat!AF18 -> 30354.195 | K18: =Rice!$Y$2+Wheat!AK18 -> 4388.5983 | L18: =Rice!$Z$2+Wheat!AL18 -> 59472.215 | M18: =Rice!$R$2+Wheat!P18 -> 63860.814 | N18: =Rice!AF18+Wheat!AR18 -> 190291.5 | O18: =Rice!AG18+Wheat!AS18 -> 410997.1 | P18: =O18-M18 -> 347136.29 | Q18: =N18/M18 -> 2.9797851 | R18: =O18/M18 -> 6.4358263 | AI18: =Rice!S18+Wheat!AE18 -> 23439.841 | AJ18: =Rice!T18+Wheat!AF18 -> 27814.003 | AK18: =Rice!Y18+Wheat!AK18 -> 3827.4881 | AL18: =Rice!Z18+Wheat!AL18 -> 47426.356 | AM18: =Rice!U18+Wheat!AG18 -> 51253.844 | AN18: =Rice!AF18+Wheat!AR18 -> 190291.5 | AO18: =Rice!AG18+Wheat!AS18 -> 410997.1 | AP18: =AO18-AM18 -> 359743.26 | AQ18: =AN18/AM18 -> 3.7127264 | AR18: =AO18/AM18 -> 8.0188542
A19: 3 | B19: 6 | C19: =(Rice!F19+Wheat!E19) -> 1314.6901 | D19: =Rice!K19+Wheat!J19 -> 43082.943 | E19: =Rice!N19+Wheat!M19 -> 2063.4881 | F19: =Rice!O19+Wheat!N19 -> 1970.85 | G19: =Rice!P19+Wheat!O19 -> 754.22 | H19: =(Rice!R19+Wheat!P19) -> 49186.191 | I19: =Rice!$S$2+Wheat!AE19 -> 33506.619 | J19: =Rice!$T$2+Wheat!AF19 -> 29554.2 | K19: =Rice!$Y$2+Wheat!AK19 -> 4388.5983 | L19: =Rice!$Z$2+Wheat!AL19 -> 58672.221 | M19: =Rice!$R$2+Wheat!P19 -> 63060.819 | N19: =Rice!AF19+Wheat!AR19 -> 194304.6 | O19: =Rice!AG19+Wheat!AS19 -> 417458.17 | P19: =O19-M19 -> 354397.35 | Q19: =N19/M19 -> 3.0812254 | R19: =O19/M19 -> 6.6199293 | AI19: =Rice!S19+Wheat!AE19 -> 23439.841 | AJ19: =Rice!T19+Wheat!AF19 -> 25746.35 | AK19: =Rice!Y19+Wheat!AK19 -> 3827.4881 | AL19: =Rice!Z19+Wheat!AL19 -> 45358.703 | AM19: =Rice!U19+Wheat!AG19 -> 49186.191 | AN19: =Rice!AF19+Wheat!AR19 -> 194304.6 | AO19: =Rice!AG19+Wheat!AS19 -> 417458.17 | AP19: =AO19-AM19 -> 368271.98 | AQ19: =AN19/AM19 -> 3.9503893 | AR19: =AO19/AM19 -> 8.4873042
C20: =(C2+C8+C14)/3 -> 7415.593 | D20: =(D2+D8+D14)/3 -> 57485.49 | E20: =(E2+E8+E14)/3 -> 2928.0622 | F20: =(F2+F8+F14)/3 -> 1970.85 | G20: =(G2+G8+G14)/3 -> 754.22 | H20: =(H2+H8+H14)/3 -> 70554.215 | I20: =Rice!$S$2+Wheat!AE20 -> 27727.339 | J20: =Rice!$T$2+Wheat!AF20 -> 16924.85 | K20: =Rice!$Y$2+Wheat!AK20 -> 2521.3059 | L20: =Rice!$Z$2+Wheat!AL20 -> 42130.884 | M20: =Rice!$R$2+Wheat!P20 -> 44652.189 | N20: =Rice!AF20+Wheat!AR20 -> 0 | O20: =Rice!AG20+Wheat!AS20 -> 0 | P20: =O20-M20 -> -44652.189 | Q20: =N20/M20 -> 0 | R20: =O20/M20 -> 0
C21: =(C3+C9+C15)/3 -> 7415.593 | D21: =(D3+D9+D15)/3 -> 57485.49 | E21: =(E3+E9+E15)/3 -> 2928.0622 | F21: =(F3+F9+F15)/3 -> 1970.85 | G21: =(G3+G9+G15)/3 -> 754.22 | H21: =(H3+H9+H15)/3 -> 70554.215 | I21: =Rice!$S$2+Wheat!AE21 -> 27727.339 | J21: =Rice!$T$2+Wheat!AF21 -> 16924.85 | K21: =Rice!$Y$2+Wheat!AK21 -> 2521.3059 | L21: =Rice!$Z$2+Wheat!AL21 -> 42130.884 | M21: =Rice!$R$2+Wheat!P21 -> 44652.189 | N21: =Rice!AF21+Wheat!AR21 -> 0 | O21: =Rice!AG21+Wheat!AS21 -> 0 | P21: =O21-M21 -> -44652.189 | Q21: =N21/M21 -> 0 | R21: =O21/M21 -> 0
C22: =(C4+C10+C16)/3 -> 3708.739 | D22: =(D4+D10+D16)/3 -> 50251.187 | E22: =(E4+E10+E16)/3 -> 2542.2986 | F22: =(F4+F10+F16)/3 -> 1970.85 | G22: =(G4+G10+G16)/3 -> 754.22 | H22: =(H4+H10+H16)/3 -> 59227.295 | I22: =Rice!$S$2+Wheat!AE22 -> 27727.339 | J22: =Rice!$T$2+Wheat!AF22 -> 16924.85 | K22: =Rice!$Y$2+Wheat!AK22 -> 2521.3059 | L22: =Rice!$Z$2+Wheat!AL22 -> 42130.884 | M22: =Rice!$R$2+Wheat!P22 -> 44652.189 | N22: =Rice!AF22+Wheat!AR22 -> 0 | O22: =Rice!AG22+Wheat!AS22 -> 0 | P22: =O22-M22 -> -44652.189 | Q22: =N22/M22 -> 0 | R22: =O22/M22 -> 0
C23: =(C5+C11+C17)/3 -> 2624.7901 | D23: =(D5+D11+D17)/3 -> 48721.207 | E23: =(E5+E11+E17)/3 -> 2351.3897 | F23: =(F5+F11+F17)/3 -> 1970.85 | G23: =(G5+G11+G17)/3 -> 754.22 | H23: =(H5+H11+H17)/3 -> 56422.457 | I23: =Rice!$S$2+Wheat!AE23 -> 27727.339 | J23: =Rice!$T$2+Wheat!AF23 -> 16924.85 | K23: =Rice!$Y$2+Wheat!AK23 -> 2521.3059 | L23: =Rice!$Z$2+Wheat!AL23 -> 42130.884 | M23: =Rice!$R$2+Wheat!P23 -> 44652.189 | N23: =Rice!AF23+Wheat!AR23 -> 0 | O23: =Rice!AG23+Wheat!AS23 -> 0 | P23: =O23-M23 -> -44652.189 | Q23: =N23/M23 -> 0 | R23: =O23/M23 -> 0
C24: =(C6+C12+C18)/3 -> 1314.6901 | D24: =(D6+D12+D18)/3 -> 46756.095 | E24: =(E6+E12+E18)/3 -> 2220.9734 | F24: =(F6+F12+F18)/3 -> 1970.85 | G24: =(G6+G12+G18)/3 -> 754.22 | H24: =(H6+H12+H18)/3 -> 53016.829 | I24: =Rice!$S$2+Wheat!AE24 -> 27727.339 | J24: =Rice!$T$2+Wheat!AF24 -> 16924.85 | K24: =Rice!$Y$2+Wheat!AK24 -> 2521.3059 | L24: =Rice!$Z$2+Wheat!AL24 -> 42130.884 | M24: =Rice!$R$2+Wheat!P24 -> 44652.189 | N24: =Rice!AF24+Wheat!AR24 -> 0 | O24: =Rice!AG24+Wheat!AS24 -> 0 | P24: =O24-M24 -> -44652.189 | Q24: =N24/M24 -> 0 | R24: =O24/M24 -> 0
C25: =(C7+C13+C19)/3 -> 1314.6901 | D25: =(D7+D13+D19)/3 -> 44821.55 | E25: =(E7+E13+E19)/3 -> 2220.9734 | F25: =(F7+F13+F19)/3 -> 1970.85 | G25: =(G7+G13+G19)/3 -> 754.22 | H25: =(H7+H13+H19)/3 -> 51082.283 | I25: =Rice!$S$2+Wheat!AE25 -> 27727.339 | J25: =Rice!$T$2+Wheat!AF25 -> 16924.85 | K25: =Rice!$Y$2+Wheat!AK25 -> 2521.3059 | L25: =Rice!$Z$2+Wheat!AL25 -> 42130.884 | M25: =Rice!$R$2+Wheat!P25 -> 44652.189 | N25: =Rice!AF25+Wheat!AR25 -> 0 | O25: =Rice!AG25+Wheat!AS25 -> 0 | P25: =O25-M25 -> -44652.189 | Q25: =N25/M25 -> 0 | R25: =O25/M25 -> 0
C26: =AVERAGE(C23:C25) -> 1751.3901 | D26: =AVERAGE(D23:D25) -> 46766.284 | E26: =AVERAGE(E23:E25) -> 2264.4455 | F26: =AVERAGE(F23:F25) -> 1970.85 | G26: =AVERAGE(G23:G25) -> 754.22 | H26: =AVERAGE(H23:H25) -> 53507.19 | I26: =AVERAGE(I23:I25) -> 27727.339 | J26: =AVERAGE(J23:J25) -> 16924.85
C27: =(C20-C26)/C20 -> 0.76382333 | D27: =(D20-D26)/D20 -> 0.18646802 | E27: =(E20-E26)/E20 -> 0.22664024 | F27: =(F20-F26)/F20 -> 0 | G27: =(G20-G26)/G20 -> 0 | H27: =(H20-H26)/H20 -> 0.24161597 | I27: =(I20-I26)/I20 -> 0 | J27: =(J20-J26)/J20 -> 0
C28: =(C20-C22)/C20 -> 0.4998729 | D28: =(D20-D22)/D20 -> 0.12584571 | E28: =(E20-E22)/E20 -> 0.13174706 | F28: =(F20-F22)/F20 -> 0 | G28: =(G20-G22)/G20 -> 0 | H28: =(H20-H22)/H20 -> 0.16054207 | I28: =(I20-I22)/I20 -> 0 | J28: =(J20-J22)/J20 -> 0

Sheet RW energy
C1: Energy use in field operations | G1: Energy use in production Inputs | L1: Energy use in crop management | O1: Energy use in Harvesting and Threshing | P1: Energy use in transportation | Q1: Total energy use in productions | R1: Labour used in production (Equivalent energy) | S1: Direct energy | T1: Indirect energy | U1: Renewable energy | V1: Non-renewable energy | W1: Grain energy output | X1: Energy output in the harvested total biomass (grain + straw) | Y1: Net energy | Z1: Total speciﬁc energy | AA1: Grain speciﬁc energy | AB1: Energy use in field operations | AE1: Energy use in production Inputs | AJ1: Energy use in crop management | AM1: Energy use in Harvesting and Threshing | AN1: Energy use in transportation | AO1: Total energy use in productions | AP1: Labour used in production (Equivalent energy) | AQ1: Direct energy | AR1: Indirect energy | AS1: Renewable energy | AT1: Non-renewable energy | AU1: Grain energy output | AV1: Energy output in the harvested total biomass (grain + straw) | AW1: Net energy | AX1: Total speciﬁc energy | AY1: Grain speciﬁc energy | AZ1: Direct energy | BA1: Indirect energy | BB1: Renewable energy | BC1: Non-renewable energy | BD1: Total energy input | BE1: Grain energy output | BF1: Energy out in the harvested total biomass (grain + straw) | BG1: Net energy | BH1: Grain specific energy | BI1: Total specific energy
A2: Rep | B2: Scenarios | C2: Seedbed Preparation | D2: Puddling | E2: Nursery Raising & Transplanting /Sowing | F2: Total energy | G2: Seed | H2: Fertilizers | I2: Pesticides | J2: Irrigation(Diesel/electricity) | K2: Total energy | L2: Interculture/Weeding | M2: Inputs application | N2: Total energy | AB2: Tillage operations | AC2: Planting/Sowing | AD2: Total energy | AE2: Seed | AF2: Fertilizers | AG2: Pesticides | AH2: Irrigation | AI2: Total energy | AJ2: Interculture /Weeding | AK2: Inputs application | AL2: Total energy
C3: A1 | D3: A2 | E3: A3 | F3: A4 | G3: A5 | H3: A6 | I3: A7 | J3: A8 | K3: A9 | L3: A10 | M3: A11 | N3: A12 | O3: A13 | P3: A14 | Q3: A15 | R3: A16 | S3: A17 | T3: A18 | U3: A19 | V3: A20 | W3: A21 | X3: A22 | Y3: A23 | Z3: A24 | AA3: A25 | AB3: A26 | AC3: A27 | AD3: A28 | AE3: A29 | AF3: A30 | AG3: A31 | AH3: A32 | AI3: A33 | AJ3: A34 | AK3: A35 | AL3: A36 | AM3: A37 | AN3: A38 | AO3: A39 | AP3: A40 | AQ3: A41 | AR3: A42 | AS3: A43 | AT3: A44 | AU3: A45 | AV3: A46 | AW3: A47 | AX3: A48 | AY3: A49 | AZ3: A50 | BA3: A51 | BB3: A52 | BC3: A53 | BD3: A54 | BE3: A55 | BF3: A56 | BG3: A57 | BH3: A58 | BI3: A59
C4: Rice | D4: Rice | E4: Rice | F4: Rice | G4: Rice | H4: Rice | I4: Rice | J4: Rice | K4: Rice | L4: Rice | M4: Rice | N4: Rice | O4: Rice | P4: Rice | Q4: Rice | S4: Rice | T4: Rice | U4: Rice | V4: Rice | W4: Rice | X4: Rice | Y4: Rice | Z4: Rice | AA4: Rice | AB4: Wheat | AC4: Wheat | AD4: Wheat | AE4: Wheat | AF4: Wheat | AG4: Wheat | AH4: Wheat | AI4: Wheat | AJ4: Wheat | AK4: Wheat | AL4: Wheat | AM4: Wheat | AN4: Wheat | AO4: Wheat | AQ4: Wheat | AR4: Wheat | AS4: Wheat | AT4: Wheat | AU4: Wheat | AV4: Wheat | AW4: Wheat | AX4: Wheat | AY4: Wheat | AZ4: System | BA4: System | BB4: System | BC4: System | BD4: System | BE4: System | BF4: System | BG4: System | BH4: System | BI4: System
A5: 1 | B5: 1 | C5: 1976.7884 | D5: 1381.2323 | E5: =188.16+789.58 -> 977.74 | F5: =SUM(C5:E5) -> 4335.7608 | G5: 183.75 | H5: 14747.9 | I5: 1993.2 | J5: 19542.823 | K5: =SUM(G5:J5) -> 36467.673 | L5: 47.04 | M5: 2290.5159 | N5: =SUM(L5:M5) -> 2337.5559 | O5: 1126.2 | P5: 385 | Q5: 44636.409 | R5: 2846.7098 | S5: 27711.559 | T5: 16924.85 | U5: 2521.3059 | V5: 42115.104 | W5: 97857.9 | X5: 218673.34 | Y5: 174036.93 | Z5: 4.8989903 | AA5: 2.1923336 | AB5: 2228.2002 | AC5: 849.90789 | AD5: 3078.1081 | AE5: 1470 | AF5: 14327.9 | AG5: 364 | AH5: 3804.1964 | AI5: 19966.096 | AJ5: 15.68 | AK5: 457.96849 | AL5: 473.64849 | AM5: 844.65 | AN5: 369.22 | AO5: 24731.723 | AP5: =(AO5/(1.96))/8 -> 1577.2783 | AQ5: 8569.823 | AR5: 16161.9 | AS5: 1943.6485 | AT5: 22788.075 | AU5: 76763.4 | AV5: 158254.17 | AW5: 81490.767 | AX5: 6.398833 | AY5: 3.1038436 | AZ5: 36297.162 | BA5: 33086.75 | BB5: 4464.9544 | BC5: 64918.958 | BD5: 69383.912 | BE5: 174621.3 | BF5: 376927.5 | BG5: 307543.59 | BH5: 2.5167405 | BI5: 5.4324913 | BJ5: =(BG5+BG11+BG17)/3 -> 301720.04
A6: 1 | B6: 2 | C6: 1976.7884 | D6: 1381.2323 | E6: =188.16+789.58 -> 977.74 | F6: =SUM(C6:E6) -> 4335.7608 | G6: 183.75 | H6: 14747.9 | I6: 1993.2 | J6: 19542.823 | K6: =SUM(G6:J6) -> 36467.673 | L6: 47.04 | M6: 2290.5159 | N6: =SUM(L6:M6) -> 2337.5559 | O6: 1126.2 | P6: 385 | Q6: 44636.409 | R6: 2846.7098 | S6: 27711.559 | T6: 16924.85 | U6: 2521.3059 | V6: 42115.104 | W6: 99239.7 | X6: 221569.51 | Y6: 176933.1 | Z6: 4.9638739 | AA6: 2.2232904 | AB6: 2228.2002 | AC6: 849.90789 | AD6: 3078.1081 | AE6: 1470 | AF6: 14327.9 | AG6: 364 | AH6: 3804.1964 | AI6: 19966.096 | AJ6: 15.68 | AK6: 457.96849 | AL6: 473.64849 | AM6: 844.65 | AN6: 369.22 | AO6: 24731.723 | AP6: =(AO6/(1.96))/8 -> 1577.2783 | AQ6: 8569.823 | AR6: 16161.9 | AS6: 1943.6485 | AT6: 22788.075 | AU6: 77763 | AV6: 160725.5 | AW6: 82962.5 | AX6: 6.4987587 | AY6: 3.1442613 | AZ6: 36297.162 | BA6: 33086.75 | BB6: 4464.9544 | BC6: 64918.958 | BD6: 69383.912 | BE6: 177002.7 | BF6: 382295.01 | BG6: 312911.1 | BH6: 2.5510625 | BI6: 5.5098508 | BJ6: =(BG6+BG12+BG18)/3 -> 307235.07
A7: 1 | B7: 3 | C7: 1060.6308 | D7: 249.479 | E7: 422.325 | F7: =SUM(C7:E7) -> 1732.4348 | G7: 294 | H7: 13474.3 | I7: 351.4 | J7: 16821.069 | K7: =SUM(G7:J7) -> 30940.769 | L7: 62.72 | M7: 1910.1676 | N7: =SUM(L7:M7) -> 1972.8876 | O7: 1126.2 | P7: 385 | Q7: 36141.511 | R7: 2304.9433 | S7: 22021.811 | T7: 14119.7 | U7: 2266.8876 | V7: 33874.624 | W7: 94579.8 | X7: 216367.03 | Y7: 180225.52 | Z7: 5.9866626 | AA7: 2.6169299 | AB7: 1382.2123 | AC7: 594.10167 | AD7: 1976.314 | AE7: 1470 | AF7: 12751.8 | AG7: 352 | AH7: 3586.703 | AI7: 18160.503 | AJ7: 15.68 | AK7: 425.96256 | AL7: 441.64256 | AM7: 844.65 | AN7: 369.22 | AO7: 21792.33 | AP7: =(AO7/(1.96))/8 -> 1389.8169 | AQ7: 7218.5296 | AR7: 14573.8 | AS7: 1911.6426 | AT7: 19880.687 | AU7: 78027.6 | AV7: 161437.17 | AW7: 83409.567 | AX7: 7.4079811 | AY7: 3.5805075 | AZ7: 34945.869 | BA7: 31498.65 | BB7: 4432.9484 | BC7: 62011.571 | BD7: 66444.519 | BE7: 172607.4 | BF7: 377804.2 | BG7: 311359.68 | BH7: 2.5977673 | BI7: 5.68601 | BJ7: =(BG7+BG13+BG19)/3 -> 312581.86
A8: 1 | B8: 4 | C8: 1060.6308 | D8: 249.479 | E8: 422.325 | F8: =SUM(C8:E8) -> 1732.4348 | G8: 294 | H8: 13474.3 | I8: 341.4 | J8: 15929.13 | K8: =SUM(G8:J8) -> 30038.83 | L8: 62.72 | M8: 1811.0634 | N8: =SUM(L8:M8) -> 1873.7834 | O8: 1126.2 | P8: 385 | Q8: 35140.469 | R8: 2241.1013 | S8: 21030.769 | T8: 14109.7 | U8: 2167.7834 | V8: 32972.685 | W8: 97343.4 | X8: 222206.65 | Y8: 187066.18 | Z8: 6.3233833 | AA8: 2.7701224 | AB8: 0 | AC8: 892.36506 | AD8: 892 | AE8: 1470 | AF8: 12751.8 | AG8: 462 | AH8: 3002.701 | AI8: 17686.501 | AJ8: 0 | AK8: 366.95344 | AL8: 366.95344 | AM8: 844.65 | AN8: 369.22 | AO8: 20159.689 | AP8: =(AO8/(1.96))/8 -> 1285.6945 | AQ8: 5475.8895 | AR8: 14683.8 | AS8: 1836.9534 | AT8: 18322.736 | AU8: 84363.3 | AV8: 172278 | AW8: 87914.7 | AX8: 8.5456674 | AY8: 4.184752 | AZ8: 33203.229 | BA8: 31608.65 | BB8: 4358.2593 | BC8: 60453.62 | BD8: 64811.879 | BE8: 181706.7 | BF8: 394484.65 | BG8: 329672.77 | BH8: 2.8036018 | BI8: 6.0866104 | BJ8: =(BG8+BG14+BG20)/3 -> 326588.29
A9: 1 | B9: 5 | C9: 0 | D9: 0 | E9: 422.325 | F9: =SUM(C9:E9) -> 422.325 | G9: 294 | H9: 13626.422 | I9: 541.4 | J9: 14898.083 | K9: =SUM(G9:J9) -> 29359.905 | L9: 62.72 | M9: 1696.5025 | N9: =SUM(L9:M9) -> 1759.2225 | O9: 1126.2 | P9: 385 | Q9: 33036.872 | R9: 2106.9434 | S9: 18575.05 | T9: 14461.822 | U9: 2053.2225 | V9: 30983.65 | W9: 98651.7 | X9: 222970.38 | Y9: 189933.51 | Z9: 6.7491372 | AA9: 2.986109 | AB9: 0 | AC9: 892.36506 | AD9: 892.36506 | AE9: 1470 | AF9: 11398.135 | AG9: 462 | AH9: 3002.701 | AI9: 16332.836 | AJ9: 0 | AK9: 366.95344 | AL9: 366.95344 | AM9: 844.65 | AN9: 369.22 | AO9: 18806.024 | AP9: =(AO9/(1.96))/8 -> 1199.3638 | AQ9: 5475.8895 | AR9: 13330.135 | AS9: 1836.9534 | AT9: 16969.071 | AU9: 86568.3 | AV9: 176520.5 | AW9: 89952.2 | AX9: 9.3863806 | AY9: 4.6032218 | AZ9: 33203.229 | BA9: 30254.985 | BB9: 4358.2593 | BC9: 59099.954 | BD9: 63458.214 | BE9: 185220 | BF9: 399490.88 | BG9: 336032.67 | BH9: 2.9187711 | BI9: 6.2953377 | BJ9: =(BG9+BG15+BG21)/3 -> 332787.26
A10: 1 | B10: 6 | C10: 0 | D10: 0 | E10: 422.325 | F10: =SUM(C10:E10) -> 422.325 | G10: 294 | H10: 12599.089 | I10: 541.4 | J10: 14898.083 | K10: =SUM(G10:J10) -> 28332.571 | L10: 62.72 | M10: 1696.5025 | N10: =SUM(L10:M10) -> 1759.2225 | O10: 1126.2 | P10: 385 | Q10: 32009.539 | R10: 2041.4247 | S10: 18575.05 | T10: 13434.489 | U10: 2053.2225 | V10: 29956.316 | W10: 101297.7 | X10: 229377.6 | Y10: 197368.06 | Z10: 7.1659139 | AA10: 3.1646098 | AB10: 0 | AC10: 892.36506 | AD10: 892.36506 | AE10: 1470 | AF10: 10612.744 | AG10: 462 | AH10: 3002.701 | AI10: 15547.445 | AJ10: 0 | AK10: 366.95344 | AL10: 366.95344 | AM10: 844.65 | AN10: 369.22 | AO10: 18020.634 | AP10: =(AO10/(1.96))/8 -> 1149.2751 | AQ10: 5475.8895 | AR10: 12544.744 | AS10: 1836.9534 | AT10: 16183.68 | AU10: 86862.3 | AV10: 179133 | AW10: 92270.7 | AX10: 9.9404384 | AY10: 4.8201579 | AZ10: 33203.229 | BA10: 29469.594 | BB10: 4358.2593 | BC10: 58314.564 | BD10: 62672.823 | BE10: 188160 | BF10: 408510.6 | BG10: 345837.78 | BH10: 3.0022582 | BI10: 6.5181458 | BJ10: =(BG10+BG16+BG22)/3 -> 341299.78
A11: 2 | B11: 1 | C11: 1978.3946 | D11: 1382.2123 | E11: =188.16+789.58 -> 977.74 | F11: =SUM(C11:E11) -> 4338.3469 | G11: 183.75 | H11: 14747.9 | I11: 1993.2 | J11: 22303.482 | K11: =SUM(G11:J11) -> 39228.332 | L11: 47.04 | M11: 2597.2557 | N11: =SUM(L11:M11) -> 2644.2957 | O11: 1126.2 | P11: 385 | Q11: 47706.394 | R11: 3042.4996 | S11: 30781.544 | T11: 16924.85 | U11: 2828.0457 | V11: 44878.348 | W11: 96211.5 | X11: 207819.6 | Y11: 160113.21 | Z11: 4.3562211 | AA11: 2.0167422 | AB11: 2228.2002 | AC11: 849.90789 | AD11: 3078.1081 | AE11: 1470 | AF11: 14327.9 | AG11: 364 | AH11: 4263.732 | AI11: 20425.632 | AJ11: 15.68 | AK11: 509.028 | AL11: 524.708 | AM11: 844.65 | AN11: 369.22 | AO11: 25242.318 | AP11: =(AO11/(1.96))/8 -> 1609.8417 | AQ11: 9080.4181 | AR11: 16161.9 | AS11: 1994.708 | AT11: 23247.61 | AU11: 69766.2 | AV11: 148749.08 | AW11: 78982.883 | AX11: 5.8928456 | AY11: 2.7638587 | AZ11: 36807.758 | BA11: 33086.75 | BB11: 4516.0139 | BC11: 65378.494 | BD11: 69894.508 | BE11: 165977.7 | BF11: 356568.68 | BG11: 286674.18 | BH11: 2.3746887 | BI11: 5.1015265
A12: 2 | B12: 2 | C12: 1978.3946 | D12: 1382.2123 | E12: =188.16+789.58 -> 977.74 | F12: =SUM(C12:E12) -> 4338.3469 | G12: 183.75 | H12: 14747.9 | I12: 1993.2 | J12: 22303.482 | K12: =SUM(G12:J12) -> 39228.332 | L12: 47.04 | M12: 2597.2557 | N12: =SUM(L12:M12) -> 2644.2957 | O12: 1126.2 | P12: 385 | Q12: 47706.394 | R12: 3042.4996 | S12: 30781.544 | T12: 16924.85 | U12: 2828.0457 | V12: 44878.348 | W12: 98857.5 | X12: 211228.92 | Y12: 163522.52 | Z12: 4.4276856 | AA12: 2.0722065 | AB12: 2228.2002 | AC12: 849.90789 | AD12: 3078.1081 | AE12: 1470 | AF12: 14327.9 | AG12: 364 | AH12: 4263.732 | AI12: 20425.632 | AJ12: 15.68 | AK12: 509.028 | AL12: 524.708 | AM12: 844.65 | AN12: 369.22 | AO12: 25242.318 | AP12: =(AO12/(1.96))/8 -> 1609.8417 | AQ12: 9080.4181 | AR12: 16161.9 | AS12: 1994.708 | AT12: 23247.61 | AU12: 74308.5 | AV12: 154712.33 | AW12: 80403.833 | AX12: 6.1290858 | AY12: 2.9438065 | AZ12: 36807.758 | BA12: 33086.75 | BB12: 4516.0139 | BC12: 65378.494 | BD12: 69894.508 | BE12: 173166 | BF12: 365941.25 | BG12: 296046.74 | BH12: 2.4775337 | BI12: 5.2356224
A13: 2 | B13: 3 | C13: 1061.2842 | D13: 249.80567 | E13: 422.325 | F13: =SUM(C13:E13) -> 1733.4148 | G13: 294 | H13: 13474.3 | I13: 351.4 | J13: 19333.225 | K13: =SUM(G13:J13) -> 33452.925 | L13: 62.72 | M13: 2189.2961 | N13: =SUM(L13:M13) -> 2252.0161 | O13: 1126.2 | P13: 385 | Q13: 38933.776 | R13: 2483.0214 | S13: 24814.076 | T13: 14119.7 | U13: 2546.0161 | V13: 36387.76 | W13: 96358.5 | X13: 204026.98 | Y13: 165093.21 | Z13: 5.2403595 | AA13: 2.4749333 | AB13: 1382.2123 | AC13: 594.10167 | AD13: 1976.314 | AE13: 1470 | AF13: 12751.8 | AG13: 352 | AH13: 4263.732 | AI13: 18837.532 | AJ13: 15.68 | AK13: 501.188 | AL13: 516.868 | AM13: 844.65 | AN13: 369.22 | AO13: 22544.584 | AP13: =(AO13/(1.96))/8 -> 1437.7923 | AQ13: 7970.784 | AR13: 14573.8 | AS13: 1986.868 | AT13: 20557.716 | AU13: 79086 | AV13: 161412.17 | AW13: 82326.167 | AX13: 7.1596871 | AY13: 3.5079822 | AZ13: 35698.123 | BA13: 31498.65 | BB13: 4508.1739 | BC13: 62688.6 | BD13: 67196.773 | BE13: 175444.5 | BF13: 365439.15 | BG13: 298242.38 | BH13: 2.6109066 | BI13: 5.4383437
A14: 2 | B14: 4 | C14: 1061.2842 | D14: 249.80567 | E14: 422.325 | F14: =SUM(C14:E14) -> 1733.4148 | G14: 294 | H14: 13474.3 | I14: 341.4 | J14: 18617.004 | K14: =SUM(G14:J14) -> 32726.704 | L14: 62.72 | M14: 2109.716 | N14: =SUM(L14:M14) -> 2172.436 | O14: 1126.2 | P14: 385 | Q14: 38127.975 | R14: 2431.6311 | S14: 24018.275 | T14: 14109.7 | U14: 2466.436 | V14: 35661.539 | W14: 92271.9 | X14: 210438 | Y14: 172310.02 | Z14: 5.5192544 | AA14: 2.4200577 | AB14: 0 | AC14: 892.36506 | AD14: 892 | AE14: 1470 | AF14: 12751.8 | AG14: 462 | AH14: 3429.0742 | AI14: 18112.874 | AJ14: 0 | AK14: 414.32824 | AL14: 414.32824 | AM14: 844.65 | AN14: 369.22 | AO14: 20633.437 | AP14: =(AO14/(1.96))/8 -> 1315.908 | AQ14: 5949.6375 | AR14: 14683.8 | AS14: 1884.3282 | AT14: 18749.109 | AU14: 81467.4 | AV14: 170043.5 | AW14: 88576.1 | AX14: 8.241162 | AY14: 3.9483193 | AZ14: 33676.977 | BA14: 31608.65 | BB14: 4405.6341 | BC14: 60879.993 | BD14: 65285.627 | BE14: 173739.3 | BF14: 380481.5 | BG14: 315195.87 | BH14: 2.6612182 | BI14: 5.827952
A15: 2 | B15: 5 | C15: 0 | D15: 0 | E15: 422.325 | F15: =SUM(C15:E15) -> 422.325 | G15: 294 | H15: 13736.655 | I15: 541.4 | J15: 17595.431 | K15: =SUM(G15:J15) -> 32167.487 | L15: 62.72 | M15: 1996.2079 | N15: =SUM(L15:M15) -> 2058.9279 | O15: 1126.2 | P15: 385 | Q15: 36144.16 | R15: 2305.1122 | S15: 21572.104 | T15: 14572.055 | U15: 2352.9279 | V15: 33791.232 | W15: 93756.6 | X15: 207737.87 | Y15: 171593.71 | Z15: 5.747481 | AA15: 2.5939626 | AB15: 0 | AC15: 892.36506 | AD15: 892.36506 | AE15: 1470 | AF15: 11896.389 | AG15: 462 | AH15: 3429.0742 | AI15: 17257.463 | AJ15: 0 | AK15: 414.32824 | AL15: 414.32824 | AM15: 844.65 | AN15: 369.22 | AO15: 19778.027 | AP15: =(AO15/(1.96))/8 -> 1261.3537 | AQ15: 5949.6375 | AR15: 13828.389 | AS15: 1884.3282 | AT15: 17893.699 | AU15: 82187.7 | AV15: 171885.17 | AW15: 89697.467 | AX15: 8.6907136 | AY15: 4.1555055 | AZ15: 33676.977 | BA15: 30753.239 | BB15: 4405.6341 | BC15: 60024.582 | BD15: 64430.216 | BE15: 175944.3 | BF15: 379623.04 | BG15: 315192.82 | BH15: 2.7307731 | BI15: 5.8920031
A16: 2 | B16: 6 | C16: 0 | D16: 0 | E16: 422.325 | F16: =SUM(C16:E16) -> 422.325 | G16: 294 | H16: 12591.805 | I16: 541.4 | J16: 17595.431 | K16: =SUM(G16:J16) -> 31022.636 | L16: 62.72 | M16: 1996.2079 | N16: =SUM(L16:M16) -> 2058.9279 | O16: 1126.2 | P16: 385 | Q16: 34999.309 | R16: 2232.0988 | S16: 21572.104 | T16: 13427.205 | U16: 2352.9279 | V16: 32646.381 | W16: 100665.6 | X16: 214253.52 | Y16: 179254.21 | Z16: 6.1216499 | AA16: 2.8762168 | AB16: 0 | AC16: 892.36506 | AD16: 892.36506 | AE16: 1470 | AF16: 11117.979 | AG16: 462 | AH16: 3429.0742 | AI16: 16479.053 | AJ16: 0 | AK16: 414.32824 | AL16: 414.32824 | AM16: 844.65 | AN16: 369.22 | AO16: 18999.617 | AP16: =(AO16/(1.96))/8 -> 1211.7102 | AQ16: 5949.6375 | AR16: 13049.979 | AS16: 1884.3282 | AT16: 17115.288 | AU16: 83804.7 | AV16: 173062.5 | AW16: 89257.8 | AX16: 9.1087364 | AY16: 4.4108627 | AZ16: 33676.977 | BA16: 29974.829 | BB16: 4405.6341 | BC16: 59246.172 | BD16: 63651.806 | BE16: 184470.3 | BF16: 387316.02 | BG16: 323664.21 | BH16: 2.8981157 | BI16: 6.0849179
A17: 3 | B17: 1 | C17: 1978.3946 | D17: 1382.2123 | E17: =188.16+789.58 -> 977.74 | F17: =SUM(C17:E17) -> 4338.3469 | G17: 183.75 | H17: 14747.9 | I17: 1993.2 | J17: 19566.08 | K17: =SUM(G17:J17) -> 36490.93 | L17: 47.04 | M17: 2293.0999 | N17: =SUM(L17:M17) -> 2340.1399 | O17: 1126.2 | P17: 385 | Q17: 44664.836 | R17: 2848.5227 | S17: 27739.986 | T17: 16924.85 | U17: 2523.8899 | V17: 42140.946 | W17: 102532.5 | X17: 225891.34 | Y17: 181226.5 | Z17: 5.057476 | AA17: 2.2955978 | AB17: 2228.2002 | AC17: 849.90789 | AD17: 3078.1081 | AE17: 1470 | AF17: 14327.9 | AG17: 364 | AH17: 3715.907 | AI17: 19877.807 | AJ17: 15.68 | AK17: 448.15856 | AL17: 463.83856 | AM17: 844.65 | AN17: 369.22 | AO17: 24633.624 | AP17: =(AO17/(1.96))/8 -> 1571.0219 | AQ17: 8471.7237 | AR17: 16161.9 | AS17: 1933.8386 | AT17: 22699.785 | AU17: 76675.2 | AV17: 154336.83 | AW17: 77661.633 | AX17: 6.2652915 | AY17: 3.1126237 | AZ17: 36199.063 | BA17: 33086.75 | BB17: 4455.1444 | BC17: 64830.669 | BD17: 69285.813 | BE17: 179207.7 | BF17: 380228.17 | BG17: 310942.36 | BH17: 2.5864992 | BI17: 5.4878214
A18: 3 | B18: 2 | C18: 1978.3946 | D18: 1382.2123 | E18: =188.16+789.58 -> 977.74 | F18: =SUM(C18:E18) -> 4338.3469 | G18: 183.75 | H18: 14747.9 | I18: 1993.2 | J18: 19566.08 | K18: =SUM(G18:J18) -> 36490.93 | L18: 47.04 | M18: 2293.0999 | N18: =SUM(L18:M18) -> 2340.1399 | O18: 1126.2 | P18: 385 | Q18: 44664.836 | R18: 2848.5227 | S18: 27739.986 | T18: 16924.85 | U18: 2523.8899 | V18: 42140.946 | W18: 103973.1 | X18: 229361.67 | Y18: 184696.83 | Z18: 5.1351732 | AA18: 2.3278514 | AB18: 2228.2002 | AC18: 849.90789 | AD18: 3078.1081 | AE18: 1470 | AF18: 14327.9 | AG18: 364 | AH18: 3715.907 | AI18: 19877.807 | AJ18: 15.68 | AK18: 448.15856 | AL18: 463.83856 | AM18: 844.65 | AN18: 369.22 | AO18: 24633.624 | AP18: =(AO18/(1.96))/8 -> 1571.0219 | AQ18: 8471.7237 | AR18: 16161.9 | AS18: 1933.8386 | AT18: 22699.785 | AU18: 75028.8 | AV18: 152671.5 | AW18: 77642.7 | AX18: 6.1976874 | AY18: 3.0457882 | AZ18: 36199.063 | BA18: 33086.75 | BB18: 4455.1444 | BC18: 64830.669 | BD18: 69285.813 | BE18: 179001.9 | BF18: 382033.17 | BG18: 312747.36 | BH18: 2.5835289 | BI18: 5.5138729
A19: 3 | B19: 3 | C19: 1061.2842 | D19: 249.80567 | E19: 422.325 | F19: =SUM(C19:E19) -> 1733.4148 | G19: 294 | H19: 13474.3 | I19: 351.4 | J19: 17026.503 | K19: =SUM(G19:J19) -> 31146.203 | L19: 62.72 | M19: 1932.9937 | N19: =SUM(L19:M19) -> 1995.7137 | O19: 1126.2 | P19: 385 | Q19: 36370.752 | R19: 2319.5632 | S19: 22251.052 | T19: 14119.7 | U19: 2289.7137 | V19: 34081.038 | W19: 102018 | X19: 231482.67 | Y19: 195111.92 | Z19: 6.364528 | AA19: 2.8049462 | AB19: 1382.2123 | AC19: 594.10167 | AD19: 1976.314 | AE19: 1470 | AF19: 12751.8 | AG19: 352 | AH19: 3641.8301 | AI19: 18215.63 | AJ19: 15.68 | AK19: 432.08779 | AL19: 447.76779 | AM19: 844.65 | AN19: 369.22 | AO19: 21853.582 | AP19: =(AO19/(1.96))/8 -> 1393.7233 | AQ19: 7279.7819 | AR19: 14573.8 | AS19: 1917.7678 | AT19: 19935.814 | AU19: 80409 | AV19: 163166.63 | AW19: 82757.633 | AX19: 7.4663565 | AY19: 3.6794426 | AZ19: 35007.121 | BA19: 31498.65 | BB19: 4439.0737 | BC19: 62066.698 | BD19: 66505.771 | BE19: 182427 | BF19: 394649.3 | BG19: 328143.53 | BH19: 2.7430251 | BI19: 5.9340609
A20: 3 | B20: 4 | C20: 1061.2842 | D20: 249.80567 | E20: 422.325 | F20: =SUM(C20:E20) -> 1733.4148 | G20: 294 | H20: 13474.3 | I20: 341.4 | J20: 15529.459 | K20: =SUM(G20:J20) -> 29639.159 | L20: 62.72 | M20: 1766.6555 | N20: =SUM(L20:M20) -> 1829.3755 | O20: 1126.2 | P20: 385 | Q20: 34697.37 | R20: 2212.8425 | S20: 20587.67 | T20: 14109.7 | U20: 2123.3755 | V20: 32573.994 | W20: 103517.4 | X20: 232916.83 | Y20: 198219.46 | Z20: 6.7128095 | AA20: 2.9834365 | AB20: 0 | AC20: 892.36506 | AD20: 892 | AE20: 1470 | AF20: 12751.8 | AG20: 462 | AH20: 3275.7521 | AI20: 17959.552 | AJ20: 0 | AK20: 397.29245 | AL20: 397.29245 | AM20: 844.65 | AN20: 369.22 | AO20: 20463.08 | AP20: =(AO20/(1.96))/8 -> 1305.0433 | AQ20: 5779.2796 | AR20: 14683.8 | AS20: 1867.2925 | AT20: 18595.787 | AU20: 82672.8 | AV20: 167094.67 | AW20: 84421.867 | AX20: 8.1656657 | AY20: 4.0400957 | AZ20: 33506.619 | BA20: 31608.65 | BB20: 4388.5983 | BC20: 60726.671 | BD20: 65115.269 | BE20: 186190.2 | BF20: 400011.5 | BG20: 334896.23 | BH20: 2.8593939 | BI20: 6.143129
A21: 3 | B21: 5 | C21: 0 | D21: 0 | E21: 422.325 | F21: =SUM(C21:E21) -> 422.325 | G21: 294 | H21: 13549.259 | I21: 541.4 | J21: 14060.841 | K21: =SUM(G21:J21) -> 28445.499 | L21: 62.72 | M21: 1603.4756 | N21: =SUM(L21:M21) -> 1666.1956 | O21: 1126.2 | P21: 385 | Q21: 32029.44 | R21: 2042.6939 | S21: 17644.781 | T21: 14384.659 | U21: 1960.1956 | V21: 30069.244 | W21: 104384.7 | X21: 238124.94 | Y21: 206095.5 | Z21: 7.4345645 | AA21: 3.2590236 | AB21: 0 | AC21: 892.36506 | AD21: 892.36506 | AE21: 1470 | AF21: 11497.345 | AG21: 462 | AH21: 3275.7521 | AI21: 16705.097 | AJ21: 0 | AK21: 397.29245 | AL21: 397.29245 | AM21: 844.65 | AN21: 369.22 | AO21: 19208.624 | AP21: =(AO21/(1.96))/8 -> 1225.0398 | AQ21: 5779.2796 | AR21: 13429.345 | AS21: 1867.2925 | AT21: 17341.332 | AU21: 85906.8 | AV21: 172872.17 | AW21: 86965.367 | AX21: 8.9997162 | AY21: 4.4723036 | AZ21: 33506.619 | BA21: 30354.195 | BB21: 4388.5983 | BC21: 59472.215 | BD21: 63860.814 | BE21: 190291.5 | BF21: 410997.1 | BG21: 347136.29 | BH21: 2.9797851 | BI21: 6.4358263
A22: 3 | B22: 6 | C22: 0 | D22: 0 | E22: 422.325 | F22: =SUM(C22:E22) -> 422.325 | G22: 294 | H22: 12281.6 | I22: 541.4 | J22: 14060.841 | K22: =SUM(G22:J22) -> 27177.841 | L22: 62.72 | M22: 1603.4756 | N22: =SUM(L22:M22) -> 1666.1956 | O22: 1126.2 | P22: 385 | Q22: 30761.781 | R22: 1961.8483 | S22: 17644.781 | T22: 13117 | U22: 1960.1956 | V22: 28801.586 | W22: 107089.5 | X22: 242054.5 | Y22: 211292.72 | Z22: 7.8686763 | AA22: 3.4812516 | AB22: 0 | AC22: 892.36506 | AD22: 892.36506 | AE22: 1470 | AF22: 10697.35 | AG22: 462 | AH22: 3275.7521 | AI22: 15905.102 | AJ22: 0 | AK22: 397.29245 | AL22: 397.29245 | AM22: 844.65 | AN22: 369.22 | AO22: 18408.63 | AP22: =(AO22/(1.96))/8 -> 1174.0197 | AQ22: 5779.2796 | AR22: 12629.35 | AS22: 1867.2925 | AT22: 16541.337 | AU22: 87215.1 | AV22: 175403.67 | AW22: 88188.567 | AX22: 9.5283392 | AY22: 4.7377291 | AZ22: 33506.619 | BA22: 29554.2 | BB22: 4388.5983 | BC22: 58672.221 | BD22: 63060.819 | BE22: 194304.6 | BF22: 417458.17 | BG22: 354397.35 | BH22: 3.0812254 | BI22: 6.6199293
V23: =(V5+V11+V17)/3 -> 43044.799 | W23: =(W5+W11+W17)/3 -> 98867.3 | X23: =(X5+X11+X17)/3 -> 217461.42 | Y23: =(Y5+Y11+Y17)/3 -> 171792.21
B24: Field prepration | C24: Agronomic Inputs x10 | D24: Labor | E24: Harvesting & threshing | F24: Transportation | G24: Total energy use in productions | L24: Field operations | M24: Agronomic Inputs x10 | N24: Labor | O24: Harvesting & threshing | P24: Transportation | Q24: Total energy use in productions
A25: Sc1 | B25: =((F5+F11+F17)/3)+((AD5+AD11+AD17)/3) -> 7415.593 | C25: =(((K5+K11+K17)/3)+((AI5+AI11+AI17)/3))/10 -> 5748.549 | D25: =((N5+N11+N17)/3)+(AL5+AL11+AL17)/3 -> 2928.0622 | E25: =((O5+O11+O17)/3)+(AM5+AM11+AM17)/3 -> 1970.85 | F25: =((P5+P11+P17)/3)+(AN5+AN11+AN17)/3 -> 754.22 | G25: =SUM(F5,AD5) -> 7413.8689 | H25: =SUM(K5,AI5) -> 56433.769 | I25: =SUM(N5,AL5) -> 2811.2044 | J25: =SUM(O5,AM5) -> 1970.85 | K25: =SUM(P5,AN5) -> 754.22 | L25: =((STDEV(F5,F11,F17)/SQRT(3))+(STDEV(AD5,AD11,AD17)/SQRT(3)))/2 -> 0.43101852 | M25: =((STDEV(K5,K11,K17)/SQRT(3))+(STDEV(AI5,AI11,AI17)/SQRT(3)))/2 -> 543.0925 | N25: =((STDEV(N5,N11,N17)/SQRT(3))+(STDEV(AL5,AL11,AL17)/SQRT(3)))/2 -> 60.343611 | O25: =((STDEV(O5,O11,O17)/SQRT(3))+(STDEV(AM5,AM11,AM17)/SQRT(3)))/2 -> 0 | P25: =((STDEV(P5,P11,P17)/SQRT(3))+(STDEV(AN5,AN11,AN17)/SQRT(3)))/2 -> 0 | Q25: =((STDEV(Q5,Q11,Q17)/SQRT(3))+(STDEV(AO5,AO11,AO17)/SQRT(3)))/2 -> 603.65448
A26: Sc2 | B26: =((F6+F12+F18)/3)+((AD6+AD12+AD18)/3) -> 7415.593 | C26: =(((K6+K12+K18)/3)+((AI6+AI12+AI18)/3))/10 -> 5748.549 | D26: =((N6+N12+N18)/3)+(AL6+AL12+AL18)/3 -> 2928.0622 | E26: =((O6+O12+O18)/3)+(AM6+AM12+AM18)/3 -> 1970.85 | F26: =((P6+P12+P18)/3)+(AN6+AN12+AN18)/3 -> 754.22 | G26: =SUM(F6,AD6) -> 7413.8689 | H26: =SUM(K6,AI6) -> 56433.769 | I26: =SUM(N6,AL6) -> 2811.2044 | J26: =SUM(O6,AM6) -> 1970.85 | K26: =SUM(P6,AN6) -> 754.22 | L26: =((STDEV(F6,F12,F18)/SQRT(3))+(STDEV(AD6,AD12,AD18)/SQRT(3)))/2 -> 0.43101852 | M26: =((STDEV(K6,K12,K18)/SQRT(3))+(STDEV(AI6,AI12,AI18)/SQRT(3)))/2 -> 543.0925 | N26: =((STDEV(N6,N12,N18)/SQRT(3))+(STDEV(AL6,AL12,AL18)/SQRT(3)))/2 -> 60.343611 | O26: =((STDEV(O6,O12,O18)/SQRT(3))+(STDEV(AM6,AM12,AM18)/SQRT(3)))/2 -> 0 | P26: =((STDEV(P6,P12,P18)/SQRT(3))+(STDEV(AN6,AN12,AN18)/SQRT(3)))/2 -> 0 | Q26: =((STDEV(Q6,Q12,Q18)/SQRT(3))+(STDEV(AO6,AO12,AO18)/SQRT(3)))/2 -> 603.65448
A27: Sc3 | B27: =((F7+F13+F19)/3)+((AD7+AD13+AD19)/3) -> 3709.4022 | C27: =(((K7+K13+K19)/3)+((AI7+AI13+AI19)/3))/10 -> 5025.1187 | D27: =((N7+N13+N19)/3)+(AL7+AL13+AL19)/3 -> 2542.2986 | E27: =((O7+O13+O19)/3)+(AM7+AM13+AM19)/3 -> 1970.85 | F27: =((P7+P13+P19)/3)+(AN7+AN13+AN19)/3 -> 754.22 | G27: =SUM(F7,AD7) -> 3708.7488 | H27: =SUM(K7,AI7) -> 49101.272 | I27: =SUM(N7,AL7) -> 2414.5302 | J27: =SUM(O7,AM7) -> 1970.85 | K27: =SUM(P7,AN7) -> 754.22 | L27: =((STDEV(F7,F13,F19)/SQRT(3))+(STDEV(AD7,AD13,AD19)/SQRT(3)))/2 -> 0.16333333 | M27: =((STDEV(K7,K13,K19)/SQRT(3))+(STDEV(AI7,AI13,AI19)/SQRT(3)))/2 -> 511.20276 | N27: =((STDEV(N7,N13,N19)/SQRT(3))+(STDEV(AL7,AL13,AL19)/SQRT(3)))/2 -> 56.800306 | O27: =((STDEV(O7,O13,O19)/SQRT(3))+(STDEV(AM7,AM13,AM19)/SQRT(3)))/2 -> 0 | P27: =((STDEV(P7,P13,P19)/SQRT(3))+(STDEV(AN7,AN13,AN19)/SQRT(3)))/2 -> 0 | Q27: =((STDEV(Q7,Q13,Q19)/SQRT(3))+(STDEV(AO7,AO13,AO19)/SQRT(3)))/2 -> 568.09494
A28: Sc4 | B28: =((F8+F14+F20)/3)+((AD8+AD14+AD20)/3) -> 2625.0882 | C28: =(((K8+K14+K20)/3)+((AI8+AI14+AI20)/3))/10 -> 4872.1207 | D28: =((N8+N14+N20)/3)+(AL8+AL14+AL20)/3 -> 2351.3897 | E28: =((O8+O14+O20)/3)+(AM8+AM14+AM20)/3 -> 1970.85 | F28: =((P8+P14+P20)/3)+(AN8+AN14+AN20)/3 -> 754.22 | G28: =SUM(F8,AD8) -> 2624.4348 | H28: =SUM(K8,AI8) -> 47725.331 | I28: =SUM(N8,AL8) -> 2240.7368 | J28: =SUM(O8,AM8) -> 1970.85 | K28: =SUM(P8,AN8) -> 754.22 | L28: =((STDEV(F8,F14,F20)/SQRT(3))+(STDEV(AD8,AD14,AD20)/SQRT(3)))/2 -> 0.16333333 | M28: =((STDEV(K8,K14,K20)/SQRT(3))+(STDEV(AI8,AI14,AI20)/SQRT(3)))/2 -> 547.07505 | N28: =((STDEV(N8,N14,N20)/SQRT(3))+(STDEV(AL8,AL14,AL20)/SQRT(3)))/2 -> 60.786116 | O28: =((STDEV(O8,O14,O20)/SQRT(3))+(STDEV(AM8,AM14,AM20)/SQRT(3)))/2 -> 0 | P28: =((STDEV(P8,P14,P20)/SQRT(3))+(STDEV(AN8,AN14,AN20)/SQRT(3)))/2 -> 0 | Q28: =((STDEV(Q8,Q14,Q20)/SQRT(3))+(STDEV(AO8,AO14,AO20)/SQRT(3)))/2 -> 607.92544
A29: Sc5 | B29: =((F9+F15+F21)/3)+((AD9+AD15+AD21)/3) -> 1314.6901 | C29: =(((K9+K15+K21)/3)+((AI9+AI15+AI21)/3))/10 -> 4675.6095 | D29: =((N9+N15+N21)/3)+(AL9+AL15+AL21)/3 -> 2220.9734 | E29: =((O9+O15+O21)/3)+(AM9+AM15+AM21)/3 -> 1970.85 | F29: =((P9+P15+P21)/3)+(AN9+AN15+AN21)/3 -> 754.22 | G29: =SUM(F9,AD9) -> 1314.6901 | H29: =SUM(K9,AI9) -> 45692.74 | I29: =SUM(N9,AL9) -> 2126.1759 | J29: =SUM(O9,AM9) -> 1970.85 | K29: =SUM(P9,AN9) -> 754.22 | L29: =((STDEV(F9,F15,F21)/SQRT(3))+(STDEV(AD9,AD15,AD21)/SQRT(3)))/2 -> 0 | M29: =((STDEV(K9,K15,K21)/SQRT(3))+(STDEV(AI9,AI15,AI21)/SQRT(3)))/2 -> 694.20862 | N29: =((STDEV(N9,N15,N21)/SQRT(3))+(STDEV(AL9,AL15,AL21)/SQRT(3)))/2 -> 66.172031 | O29: =((STDEV(O9,O15,O21)/SQRT(3))+(STDEV(AM9,AM15,AM21)/SQRT(3)))/2 -> 0 | P29: =((STDEV(P9,P15,P21)/SQRT(3))+(STDEV(AN9,AN15,AN21)/SQRT(3)))/2 -> 0 | Q29: =((STDEV(Q9,Q15,Q21)/SQRT(3))+(STDEV(AO9,AO15,AO21)/SQRT(3)))/2 -> 760.13465
A30: Sc6 | B30: =((F10+F16+F22)/3)+((AD10+AD16+AD22)/3) -> 1314.6901 | C30: =(((K10+K16+K22)/3)+((AI10+AI16+AI22)/3))/10 -> 4482.155 | D30: =((N10+N16+N22)/3)+(AL10+AL16+AL22)/3 -> 2220.9734 | E30: =((O10+O16+O22)/3)+(AM10+AM16+AM22)/3 -> 1970.85 | F30: =((P10+P16+P22)/3)+(AN10+AN16+AN22)/3 -> 754.22 | G30: =SUM(F10,AD10) -> 1314.6901 | H30: =SUM(K10,AI10) -> 43880.017 | I30: =SUM(N10,AL10) -> 2126.1759 | J30: =SUM(O10,AM10) -> 1970.85 | K30: =SUM(P10,AN10) -> 754.22 | L30: =((STDEV(F10,F16,F22)/SQRT(3))+(STDEV(AD10,AD16,AD22)/SQRT(3)))/2 -> 0 | M30: =((STDEV(K10,K16,K22)/SQRT(3))+(STDEV(AI10,AI16,AI22)/SQRT(3)))/2 -> 705.17511 | N30: =((STDEV(N10,N16,N22)/SQRT(3))+(STDEV(AL10,AL16,AL22)/SQRT(3)))/2 -> 66.172031 | O30: =((STDEV(O10,O16,O22)/SQRT(3))+(STDEV(AM10,AM16,AM22)/SQRT(3)))/2 -> 0 | P30: =((STDEV(P10,P16,P22)/SQRT(3))+(STDEV(AN10,AN16,AN22)/SQRT(3)))/2 -> 0 | Q30: =((STDEV(Q10,Q16,Q22)/SQRT(3))+(STDEV(AO10,AO16,AO22)/SQRT(3)))/2 -> 770.9387
B31: =AVERAGE(B25:B30) -> 3965.8427 | C31: =AVERAGE(C25:C30) -> 5092.017 | D31: =AVERAGE(D25:D30) -> 2531.9599 | E31: =AVERAGE(E25:E30) -> 1970.85 | F31: =AVERAGE(F25:F30) -> 754.22 | G31: =SUM(F11,AD11) -> 7416.455 | H31: =SUM(K11,AI11) -> 59653.964 | I31: =SUM(N11,AL11) -> 3169.0037 | J31: =SUM(O11,AM11) -> 1970.85 | K31: =SUM(P11,AN11) -> 754.22
G32: =SUM(F12,AD12) -> 7416.455 | H32: =SUM(K12,AI12) -> 59653.964 | I32: =SUM(N12,AL12) -> 3169.0037 | J32: =SUM(O12,AM12) -> 1970.85 | K32: =SUM(P12,AN12) -> 754.22
B33: Field operations (Tillage, puddling/sowing, transplanting) | C33: Agronomic Inputs x10 (Fertilizers, pesticides and irrigations) | D33: Labor (interculture/weeding, input applications) | E33: Harvesting & threshing | F33: Transportation | G33: =SUM(F13,AD13) -> 3709.7288 | H33: =SUM(K13,AI13) -> 52290.457 | I33: =SUM(N13,AL13) -> 2768.8841 | J33: =SUM(O13,AM13) -> 1970.85 | K33: =SUM(P13,AN13) -> 754.22
B34: =AVERAGE(B28:B33) -> 2305.0778 | C34: =AVERAGE(C28:C33) -> 4780.4756 | D34: =AVERAGE(D28:D33) -> 2331.3241 | E34: =AVERAGE(E28:E33) -> 1970.85 | F34: =AVERAGE(F28:F33) -> 754.22 | G34: =SUM(F14,AD14) -> 2625.4148 | H34: =SUM(K14,AI14) -> 50839.579 | I34: =SUM(N14,AL14) -> 2586.7643 | J34: =SUM(O14,AM14) -> 1970.85 | K34: =SUM(P14,AN14) -> 754.22
G35: =SUM(F15,AD15) -> 1314.6901 | H35: =SUM(K15,AI15) -> 49424.95 | I35: =SUM(N15,AL15) -> 2473.2562 | J35: =SUM(O15,AM15) -> 1970.85 | K35: =SUM(P15,AN15) -> 754.22
G36: =SUM(F16,AD16) -> 1314.6901 | H36: =SUM(K16,AI16) -> 47501.689 | I36: =SUM(N16,AL16) -> 2473.2562 | J36: =SUM(O16,AM16) -> 1970.85 | K36: =SUM(P16,AN16) -> 754.22
G37: =SUM(F17,AD17) -> 7416.455 | H37: =SUM(K17,AI17) -> 56368.737 | I37: =SUM(N17,AL17) -> 2803.9785 | J37: =SUM(O17,AM17) -> 1970.85 | K37: =SUM(P17,AN17) -> 754.22
G38: =SUM(F18,AD18) -> 7416.455 | H38: =SUM(K18,AI18) -> 56368.737 | I38: =SUM(N18,AL18) -> 2803.9785 | J38: =SUM(O18,AM18) -> 1970.85 | K38: =SUM(P18,AN18) -> 754.22
G39: =SUM(F19,AD19) -> 3709.7288 | H39: =SUM(K19,AI19) -> 49361.833 | I39: =SUM(N19,AL19) -> 2443.4815 | J39: =SUM(O19,AM19) -> 1970.85 | K39: =SUM(P19,AN19) -> 754.22
G40: =SUM(F20,AD20) -> 2625.4148 | H40: =SUM(K20,AI20) -> 47598.712 | I40: =SUM(N20,AL20) -> 2226.6679 | J40: =SUM(O20,AM20) -> 1970.85 | K40: =SUM(P20,AN20) -> 754.22
G41: =SUM(F21,AD21) -> 1314.6901 | H41: =SUM(K21,AI21) -> 45150.596 | I41: =SUM(N21,AL21) -> 2063.4881 | J41: =SUM(O21,AM21) -> 1970.85 | K41: =SUM(P21,AN21) -> 754.22
G42: =SUM(F22,AD22) -> 1314.6901 | H42: =SUM(K22,AI22) -> 43082.943 | I42: =SUM(N22,AL22) -> 2063.4881 | J42: =SUM(O22,AM22) -> 1970.85 | K42: =SUM(P22,AN22) -> 754.22
B44: Field operations (Tillage, puddling/sowing, transplanting) | C44: Agronomic Inputs x10 (Fertilizers, pesticides and irrigations) | D44: Labor (interculture/weeding, input applications) | E44: Harvesting & threshing | F44: Transportation | G44: =STDEV(G25,G31,G37)/SQRT(3) -> 0.86203704 | H44: =(STDEV(H25,H31,H37)/SQRT(3)) -> 1084.3994 | I44: =(STDEV(I25,I31,I37)/SQRT(3)) -> 120.48882 | J44: =(STDEV(J25,J31,J37)/SQRT(3)) -> 0 | K44: =(STDEV(K25,K31,K37)/SQRT(3)) -> 8.0388734e-14
B45: 7415.593 | C45: 5748.549 | D45: 2928.0622 | E45: 1970.85 | F45: 754.22 | G45: =STDEV(G26,G32,G38)/SQRT(3) -> 0.86203704 | H45: =(STDEV(H26,H32,H38)/SQRT(3)) -> 1084.3994 | I45: =(STDEV(I26,I32,I38)/SQRT(3)) -> 120.48882 | J45: =(STDEV(J26,J32,J38)/SQRT(3)) -> 0 | K45: =(STDEV(K26,K32,K38)/SQRT(3)) -> 8.0388734e-14
G46: =STDEV(G27,G33,G39)/SQRT(3) -> 0.32666667 | H46: =(STDEV(H27,H33,H39)/SQRT(3)) -> 1022.4055 | I46: =(STDEV(I27,I33,I39)/SQRT(3)) -> 113.60061 | J46: =(STDEV(J27,J33,J39)/SQRT(3)) -> 0 | K46: =(STDEV(K27,K33,K39)/SQRT(3)) -> 8.0388734e-14
G47: =STDEV(G28,G34,G40)/SQRT(3) -> 0.32666667 | H47: =(STDEV(H28,H34,H40)/SQRT(3)) -> 1059.8162 | I47: =(STDEV(I28,I34,I40)/SQRT(3)) -> 117.75735 | J47: =(STDEV(J28,J34,J40)/SQRT(3)) -> 0 | K47: =(STDEV(K28,K34,K40)/SQRT(3)) -> 8.0388734e-14
G48: =STDEV(G29,G35,G41)/SQRT(3) -> 0 | H48: =(STDEV(H29,H35,H41)/SQRT(3)) -> 1343.5735 | I48: =(STDEV(I29,I35,I41)/SQRT(3)) -> 127.43285 | J48: =(STDEV(J29,J35,J41)/SQRT(3)) -> 0 | K48: =(STDEV(K29,K35,K41)/SQRT(3)) -> 8.0388734e-14
G49: =STDEV(G30,G36,G42)/SQRT(3) -> 0 | H49: =(STDEV(H30,H36,H42)/SQRT(3)) -> 1359.6806 | I49: =(STDEV(I30,I36,I42)/SQRT(3)) -> 127.43285 | J49: =(STDEV(J30,J36,J42)/SQRT(3)) -> 0 | K49: =(STDEV(K30,K36,K42)/SQRT(3)) -> 8.0388734e-14

Sheet Economics
A1: Scenario | B1: Replication | C1: Net return (USD/ha) | F1: Energy inputs (MJ ha-1) | I1: GHGs (kg CO2e/ha/year) | L1: Eco-efficiency (USD.ha-1/MJ.ha-1) | O1: Eco-efficiency(CO2 eq.ha-1/MJ.ha-1)
C2: Rice | D2: Wheat | E2: System | F2: Rice | G2: Wheat | H2: System | I2: Rice | J2: Wheat | K2: System | L2: Rice | M2: Wheat | N2: System | O2: Rice | P2: Wheat | Q2: System
A3: Scenario | B3: Replication | C3: A1 | D3: A2 | E3: A3 | F3: A4 | G3: A5 | H3: A6 | I3: A7 | J3: A8 | K3: A9 | L3: A10 | M3: A11 | N3: A12 | O3: A13 | P3: A14 | Q3: A15 | R3: A16
A4: 1 | B4: 1 | C4: 810.57911 | D4: 1053.5048 | E4: 1864.0839 | F4: 44652.189 | G4: 24731.723 | H4: 69383.912 | I4: 5476.1289 | J4: 2469.6551 | K4: 7945.784 | L4: =C4/F4 -> 0.018153177 | M4: =D4/G4 -> 0.042597305 | N4: =E4/H4 -> 0.026866226 | O4: =C4/I4 -> 0.14802046 | P4: =D4/J4 -> 0.42657971 | Q4: =E4/K4 -> 0.23460037
A5: 2 | B5: 1 | C5: 829.85897 | D5: 1074.2027 | E5: 1904.0616 | F5: 44652.189 | G5: 24731.723 | H5: 69383.912 | I5: 5767.2939 | J5: 1946.5108 | K5: 7713.8047 | L5: =C5/F5 -> 0.018584956 | M5: =D5/G5 -> 0.043434203 | N5: =E5/H5 -> 0.027442408 | O5: =C5/I5 -> 0.14389053 | P5: =D5/J5 -> 0.55186064 | Q5: =E5/K5 -> 0.2468382
A6: 3 | B6: 1 | C6: 838.43604 | D6: 1074.8085 | E6: 1913.2446 | F6: 36157.281 | G6: 21792.33 | H6: 57949.611 | I6: 4362.6686 | J6: 1489.9497 | K6: 5852.6183 | L6: =C6/F6 -> 0.023188581 | M6: =D6/G6 -> 0.049320497 | N6: =E6/H6 -> 0.033015658 | O6: =C6/I6 -> 0.19218421 | P6: =D6/J6 -> 0.72137233 | Q6: =E6/K6 -> 0.32690404
A7: 4 | B7: 1 | C7: 886.65778 | D7: 1223.172 | E7: 2109.8298 | F7: 35156.239 | G7: 20159.689 | H7: 55315.928 | I7: 4306.2304 | J7: 1036.1428 | K7: 5342.3733 | L7: =C7/F7 -> 0.025220496 | M7: =D7/G7 -> 0.060674151 | N7: =E7/H7 -> 0.038141452 | O7: =C7/I7 -> 0.20590115 | P7: =D7/J7 -> 1.1805052 | Q7: =E7/K7 -> 0.3949237
A8: 5 | B8: 1 | C8: 936.9061 | D8: 1262.76 | E8: 2199.6661 | F8: 33052.652 | G8: 18806.024 | H8: 51858.676 | I8: 4200.9474 | J8: 843.57705 | K8: 5044.5245 | L8: =C8/F8 -> 0.028345867 | M8: =D8/G8 -> 0.067146568 | N8: =E8/H8 -> 0.042416549 | O8: =C8/I8 -> 0.22302257 | P8: =D8/J8 -> 1.4969113 | Q8: =E8/K8 -> 0.43605023
A9: 6 | B9: 1 | C9: 990.80209 | D9: 1278.3326 | E9: 2269.1347 | F9: 32025.319 | G9: 18020.634 | H9: 50045.953 | I9: 4114.5249 | J9: 739.76492 | K9: 4854.2898 | L9: =C9/F9 -> 0.030938087 | M9: =D9/G9 -> 0.07093716 | N9: =E9/H9 -> 0.045341023 | O9: =C9/I9 -> 0.24080595 | P9: =D9/J9 -> 1.7280254 | Q9: =E9/K9 -> 0.46744936
A10: 1 | B10: 2 | C10: 782.52537 | D10: 919.58766 | E10: 1702.113 | F10: 47722.174 | G10: 25242.318 | H10: 72964.492 | I10: 5275.5989 | J10: 2436.7042 | K10: 7712.3031 | L10: =C10/F10 -> 0.016397521 | M10: =D10/G10 -> 0.036430397 | N10: =E10/H10 -> 0.023327964 | O10: =C10/I10 -> 0.1483292 | P10: =D10/J10 -> 0.37738994 | Q10: =E10/K10 -> 0.220701
A11: 2 | B11: 2 | C11: 820.06723 | D11: 1001.2632 | E11: 1821.3304 | F11: 47722.174 | G11: 25242.318 | H11: 72964.492 | I11: 5578.0497 | J11: 1815.3513 | K11: 7393.401 | L11: =C11/F11 -> 0.017184197 | M11: =D11/G11 -> 0.039666056 | N11: =E11/H11 -> 0.024961873 | O11: =C11/I11 -> 0.14701684 | P11: =D11/J11 -> 0.55155342 | Q11: =E11/K11 -> 0.24634541
A12: 3 | B12: 2 | C12: 861.53995 | D12: 1075.3453 | E12: 1936.8852 | F12: 38948.566 | G12: 22544.584 | H12: 61493.15 | I12: 4191.5058 | J12: 1404.1883 | K12: 5595.6941 | L12: =C12/F12 -> 0.02211994 | M12: =D12/G12 -> 0.047698607 | N12: =E12/H12 -> 0.031497576 | O12: =C12/I12 -> 0.20554426 | P12: =D12/J12 -> 0.76581272 | Q12: =E12/K12 -> 0.34613851
A13: 4 | B13: 2 | C13: 817.39498 | D13: 1164.2163 | E13: 1981.6113 | F13: 38142.765 | G13: 20633.437 | H13: 58776.203 | I13: 4107.7013 | J13: 988.76589 | K13: 5096.4672 | L13: =C13/F13 -> 0.021429882 | M13: =D13/G13 -> 0.056423768 | N13: =E13/H13 -> 0.033714517 | O13: =C13/I13 -> 0.19899085 | P13: =D13/J13 -> 1.1774438 | Q13: =E13/K13 -> 0.38882057
A14: 5 | B14: 2 | C14: 874.92674 | D14: 1176.6944 | E14: 2051.6211 | F14: 36159.94 | G14: 19778.027 | H14: 55937.966 | I14: 3966.1682 | J14: 836.95886 | K14: 4803.127 | L14: =C14/F14 -> 0.024196023 | M14: =D14/G14 -> 0.059495034 | N14: =E14/H14 -> 0.03667672 | O14: =C14/I14 -> 0.22059749 | P14: =D14/J14 -> 1.4059166 | Q14: =E14/K14 -> 0.4271428
A15: 6 | B15: 2 | C15: 917.85853 | D15: 1209.3173 | E15: 2127.1758 | F15: 35015.089 | G15: 18999.617 | H15: 54014.706 | I15: 3865.0805 | J15: 707.81094 | K15: 4572.8914 | L15: =C15/F15 -> 0.026213229 | M15: =D15/G15 -> 0.063649564 | N15: =E15/H15 -> 0.039381421 | O15: =C15/I15 -> 0.23747462 | P15: =D15/J15 -> 1.7085315 | Q15: =E15/K15 -> 0.46517086
... A21: 6 | B21: 3 | C21: 1079.969 | D21: 1277.5984 | E21: 2357.5673 | F21: 30777.561 | G21: 18408.63 | H21: 49186.191 | I21: 3746.5853 | J21: 616.76278 | K21: 4363.3481 | L21: =C21/F21 -> 0.035089491 | M21: =D21/G21 -> 0.069402145 | N21: =E21/H21 -> 0.047931489 | O21: =C21/I21 -> 0.28825421 | P21: =D21/J21 -> 2.0714583 | Q21: =E21/K21 -> 0.54031155
C22: Net return (USD/ha) | E22: Eco-efficiency
B23: Sc1 | C23: =AVERAGE(C4,C10,C16) -> 824.12562 | D23: =AVERAGE(L4,L10,L16) -> 0.018076585 | E23: =AVERAGE(M4,M10,M16) -> 0.040593582 | F23: =(STDEV(C4,C10,C16)/(SQRT(3))) -> 28.738055 | G23: =(STDEV(D4,D10,D16)/(SQRT(3))) -> 44.582082 | H23: =(STDEV(E4,E10,E16)/(SQRT(3))) -> 68.294508 | I23: =(STDEV(F4,F10,F16)/(SQRT(3))) -> 1018.6235 | J23: =(STDEV(G4,G10,G16)/(SQRT(3))) -> 188.68546 | K23: =(STDEV(H4,H10,H16)/(SQRT(3))) -> 1205.3065 | L23: =(STDEV(I4,I10,I16)/(SQRT(3))) -> 91.845493 | M23: =(STDEV(J4,J10,J16)/(SQRT(3))) -> 105.2311 | ... Q23: =(STDEV(N4,N10,N16)/(SQRT(3))) -> 0.0013796266 | R23: =(STDEV(L4,L10,L16)/(SQRT(3))) -> 0.00094807149 | S23: =(STDEV(M4,M10,M16)/(SQRT(3))) -> 0.0020820781 | T23: =(STDEV(N4,N10,N16)/(SQRT(3))) -> 0.0013796266 | U23: =(STDEV(O4,O10,O16)/(SQRT(3))) -> 0.0073880634 | V23: =(STDEV(P4,P10,P16)/(SQRT(3))) -> 0.033319956 | W23: =(STDEV(Q4,Q10,Q16)/(SQRT(3))) -> 0.012982327
B24: Sc2 | C24: =AVERAGE(C5,C11,C17) -> 849.82153 | D24: =AVERAGE(L5,L11,L17) -> 0.018633928 | E24: =AVERAGE(M5,M11,M17) -> 0.041551513 | F24: =(STDEV(C5,C11,C17)/(SQRT(3))) -> 25.018622 | G24: =(STDEV(D5,D11,D17)/(SQRT(3))) -> 21.574031 | H24: =(STDEV(E5,E11,E17)/(SQRT(3))) -> 31.252642 | I24: =(STDEV(F5,F11,F17)/(SQRT(3))) -> 1018.6235 | J24: =(STDEV(G5,G11,G17)/(SQRT(3))) -> 188.68546 | K24: =(STDEV(H5,H11,H17)/(SQRT(3))) -> 1205.3065 | L24: =(STDEV(I5,I11,I17)/(SQRT(3))) -> 106.51963 | M24: =(STDEV(J5,J11,J17)/(SQRT(3))) -> 108.20752 | ... Q24: =(STDEV(N5,N11,N17)/(SQRT(3))) -> 0.00088174761 | R24: =(STDEV(L5,L11,L17)/(SQRT(3))) -> 0.000851492 | S24: =(STDEV(M5,M11,M17)/(SQRT(3))) -> 0.0010877714 | T24: =(STDEV(N5,N11,N17)/(SQRT(3))) -> 0.00088174761 | U24: =(STDEV(O5,O11,O17)/(SQRT(3))) -> 0.0071170258 | V24: =(STDEV(P5,P11,P17)/(SQRT(3))) -> 0.03248821 | W24: =(STDEV(Q5,Q11,Q17)/(SQRT(3))) -> 0.009709345
B25: Sc3 | C25: =AVERAGE(C6,C12,C18) -> 883.1716 | D25: =AVERAGE(L6,L12,L18) -> 0.023801706 | E25: =AVERAGE(M6,M12,M18) -> 0.04925112 | F25: =(STDEV(C6,C12,C18)/(SQRT(3))) -> 33.847222 | G25: =(STDEV(D6,D12,D18)/(SQRT(3))) -> 11.217185 | H25: =(STDEV(E6,E12,E18)/(SQRT(3))) -> 44.92114 | I25: =(STDEV(F6,F12,F18)/(SQRT(3))) -> 894.81436 | J25: =(STDEV(G6,G12,G18)/(SQRT(3))) -> 241.19177 | K25: =(STDEV(H6,H12,H18)/(SQRT(3))) -> 1136.0061 | L25: =(STDEV(I6,I12,I18)/(SQRT(3))) -> 83.875976 | M25: =(STDEV(J6,J12,J18)/(SQRT(3))) -> 36.565382 | ... Q25: =(STDEV(N6,N12,N18)/(SQRT(3))) -> 0.001117814 | R25: =(STDEV(L6,L12,L18)/(SQRT(3))) -> 0.0011881908 | S25: =(STDEV(M6,M12,M18)/(SQRT(3))) -> 0.0008770028 | T25: =(STDEV(N6,N12,N18)/(SQRT(3))) -> 0.001117814 | U25: =(STDEV(O6,O12,O18)/(SQRT(3))) -> 0.012041862 | V25: =(STDEV(P6,P12,P18)/(SQRT(3))) -> 0.026005569 | W25: =(STDEV(Q6,Q12,Q18)/(SQRT(3))) -> 0.015008048
B26: Sc4 | C26: =AVERAGE(C7,C13,C19) -> 895.1778 | D26: =AVERAGE(L7,L13,L19) -> 0.024975072 | E26: =AVERAGE(M7,M13,M19) -> 0.058397047 | F26: =(STDEV(C7,C13,C19)/(SQRT(3))) -> 47.55863 | G26: =(STDEV(D7,D13,D19)/(SQRT(3))) -> 17.098147 | H26: =(STDEV(E7,E13,E19)/(SQRT(3))) -> 55.61455 | I26: =(STDEV(F7,F13,F19)/(SQRT(3))) -> 1077.1774 | J26: =(STDEV(G7,G13,G19)/(SQRT(3))) -> 138.54493 | K26: =(STDEV(H7,H13,H19)/(SQRT(3))) -> 1177.5735 | L26: =(STDEV(I7,I13,I19)/(SQRT(3))) -> 94.177978 | M26: =(STDEV(J7,J13,J19)/(SQRT(3))) -> 28.512989 | ... Q26: =(STDEV(N7,N13,N19)/(SQRT(3))) -> 0.0017093626 | R26: =(STDEV(L7,L13,L19)/(SQRT(3))) -> 0.0019797747 | S26: =(STDEV(M7,M13,M19)/(SQRT(3))) -> 0.0012363482 | T26: =(STDEV(N7,N13,N19)/(SQRT(3))) -> 0.0017093626 | U26: =(STDEV(O7,O13,O19)/(SQRT(3))) -> 0.014797028 | V26: =(STDEV(P7,P13,P19)/(SQRT(3))) -> 0.029740129 | W26: =(STDEV(Q7,Q13,Q19)/(SQRT(3))) -> 0.016501045
B27: Sc5 | C27: =AVERAGE(C8,C14,C20) -> 946.47386 | D27: =AVERAGE(L8,L14,L20) -> 0.028202908 | E27: =AVERAGE(M8,M14,M20) -> 0.063883535 | F27: =(STDEV(C8,C14,C20)/(SQRT(3))) -> 44.328617 | G27: =(STDEV(D8,D14,D20)/(SQRT(3))) -> 26.66007 | H27: =(STDEV(E8,E14,E20)/(SQRT(3))) -> 65.94783 | I27: =(STDEV(F8,F14,F20)/(SQRT(3))) -> 1238.3025 | J27: =(STDEV(G8,G14,G20)/(SQRT(3))) -> 281.96683 | K27: =(STDEV(H8,H14,H20)/(SQRT(3))) -> 1470.9678 | L27: =(STDEV(I8,I14,I20)/(SQRT(3))) -> 103.29138 | M27: =(STDEV(J8,J14,J20)/(SQRT(3))) -> 31.205646 | ... Q27: =(STDEV(N8,N14,N20)/(SQRT(3))) -> 0.002318715 | R27: =(STDEV(L8,L14,L20)/(SQRT(3))) -> 0.0022732314 | S27: =(STDEV(M8,M14,M20)/(SQRT(3))) -> 0.0022793641 | T27: =(STDEV(N8,N14,N20)/(SQRT(3))) -> 0.002318715 | U27: =(STDEV(O8,O14,O20)/(SQRT(3))) -> 0.015054847 | V27: =(STDEV(P8,P14,P20)/(SQRT(3))) -> 0.078096451 | W27: =(STDEV(Q8,Q14,Q20)/(SQRT(3))) -> 0.021364683
B28: Sc6 | C28: =AVERAGE(C9,C15,C21) -> 996.20986 | D28: =AVERAGE(L9,L15,L21) -> 0.030746936 | E28: =AVERAGE(M9,M15,M21) -> 0.06799629 | F28: =(STDEV(C9,C15,C21)/(SQRT(3))) -> 46.875298 | G28: =(STDEV(D9,D15,D21)/(SQRT(3))) -> 22.883705 | H28: =(STDEV(E9,E15,E21)/(SQRT(3))) -> 67.103936 | I28: =(STDEV(F9,F15,F21)/(SQRT(3))) -> 1257.2515 | J28: =(STDEV(G9,G15,G21)/(SQRT(3))) -> 284.62585 | K28: =(STDEV(H9,H15,H21)/(SQRT(3))) -> 1487.0692 | L28: =(STDEV(I9,I15,I21)/(SQRT(3))) -> 108.4341 | M28: =(STDEV(J9,J15,J21)/(SQRT(3))) -> 36.848302 | ... Q28: =(STDEV(N9,N15,N21)/(SQRT(3))) -> 0.0025312605 | R28: =(STDEV(L9,L15,L21)/(SQRT(3))) -> 0.0025641381 | S28: =(STDEV(M9,M15,M21)/(SQRT(3))) -> 0.0022180762 | T28: =(STDEV(N9,N15,N21)/(SQRT(3))) -> 0.0025312605 | U28: =(STDEV(O9,O15,O21)/(SQRT(3))) -> 0.016399526 | V28: =(STDEV(P9,P15,P21)/(SQRT(3))) -> 0.11786103 | W28: =(STDEV(Q9,Q15,Q21)/(SQRT(3))) -> 0.024675913
D29: =AVERAGE(D26:D28) -> 0.027974972 | E29: =AVERAGE(E26:E28) -> 0.063425624 | F29: =AVERAGE(F26:F28) -> 46.254182 | O29: =AVERAGE(O26:O28) -> 0.0022723814
D30: =(D29-D23)/D23 -> 0.54758056 | E30: =(E29-E23)/E23 -> 0.56245448 | F30: =(F29-F23)/F23 -> 0.6095098 | O30: =(O29-O23)/O23 -> 1.3968461
D32: =(D25-D23)/D23 -> 0.31671473
D33: =(D26-D23)/D23 -> 0.38162554
D34: =(D27-D23)/D23 -> 0.56019005
D35: =(D28-D23)/D23 -> 0.70092611
V37: Net return | Y37: Eco-efciency
C38: Net return_rice | D38: Net return_wheat | E38: Net return_system | F38: Eco-efficiency_rice | G38: Eco-efficiency_wheat | H38: Eco-efficiency_system | M38: Net return_rice | N38: Net return_wheat | O38: Net return_system | P38: Eco-efficiency_rice | Q38: Eco-efficiency_wheat | R38: Eco-efficiency_system | V38: Rice | W38: Wheat | X38: System | Y38: Rice | Z38: Wheat | AA38: System
B39: Sc1 | C39: =AVERAGE(C4,C10,C16) -> 824.12562 | D39: =AVERAGE(D4,D10,D16) -> 1008.7516 | E39: =AVERAGE(E4,E10,E16) -> 1832.8772 | F39: =AVERAGE(O4,O10,O16) -> 0.15556236 | G39: =AVERAGE(P4,P10,P16) -> 0.43212754 | H39: =AVERAGE(Q4,Q10,Q16) -> 0.2399974 | L39: Sc1 | M39: 824.12562 | N39: 1008.7516 | O39: 1832.8772 | P39: =AVERAGE(L4,L10,L16) -> 0.018076585 | Q39: =AVERAGE(M4,M10,M16) -> 0.040593582 | R39: =AVERAGE(N4,N10,N16) -> 0.026024508 | U39: Sc1 | V39: 824.12562 | W39: 1008.7516 | X39: 1832.8772 | Y39: 0.018076585 | Z39: 0.040593582 | AA39: 0.026024508
B40: Sc2 | C40: =AVERAGE(C5,C11,C17) -> 849.82153 | D40: =AVERAGE(D5,D11,D17) -> 1033.0328 | E40: =AVERAGE(E5,E11,E17) -> 1882.8543 | F40: =AVERAGE(O5,O11,O17) -> 0.15251326 | G40: =AVERAGE(P5,P11,P17) -> 0.58419512 | H40: =AVERAGE(Q5,Q11,Q17) -> 0.25630011 | L40: Sc2 | M40: 849.82153 | N40: 1033.0328 | O40: 1882.8543 | P40: =AVERAGE(L5,L11,L17) -> 0.018633928 | Q40: =AVERAGE(M5,M11,M17) -> 0.041551513 | R40: =AVERAGE(N5,N11,N17) -> 0.026716655 | U40: Sc2 | V40: 849.82153 | W40: 1033.0328 | X40: 1882.8543 | Y40: 0.018633928 | Z40: 0.041551513 | AA40: 0.026716655
B41: Sc3 | C41: =AVERAGE(C6,C12,C18) -> 883.1716 | D41: =AVERAGE(D6,D12,D18) -> 1086.293 | E41: =AVERAGE(E6,E12,E18) -> 1969.4646 | F41: =AVERAGE(O6,O12,O18) -> 0.21027179 | G41: =AVERAGE(P6,P12,P18) -> 0.76621355 | H41: =AVERAGE(Q6,Q12,Q18) -> 0.35046441 | L41: Sc3 | M41: 883.1716 | N41: 1086.293 | O41: 1969.4646 | P41: =AVERAGE(L6,L12,L18) -> 0.023801706 | Q41: =AVERAGE(M6,M12,M18) -> 0.04925112 | R41: =AVERAGE(N6,N12,N18) -> 0.033284946 | U41: Sc3 | V41: 883.1716 | W41: 1086.293 | X41: 1969.4646 | Y41: 0.023801706 | Z41: 0.04925112 | AA41: 0.033284946
B42: Sc4 | C42: =AVERAGE(C7,C13,C19) -> 895.1778 | D42: =AVERAGE(D7,D13,D19) -> 1192.0515 | E42: =AVERAGE(E7,E13,E19) -> 2087.2293 | F42: =AVERAGE(O7,O13,O19) -> 0.21710795 | G42: =AVERAGE(P7,P13,P19) -> 1.2087015 | H42: =AVERAGE(Q7,Q13,Q19) -> 0.40827885 | L42: Sc4 | M42: 895.1778 | N42: 1192.0515 | O42: 2087.2293 | P42: =AVERAGE(L7,L13,L19) -> 0.024975072 | Q42: =AVERAGE(M7,M13,M19) -> 0.058397047 | R42: =AVERAGE(N7,N13,N19) -> 0.037063226 | U42: Sc4 | V42: 895.1778 | W42: 1192.0515 | X42: 2087.2293 | Y42: 0.024975072 | Z42: 0.058397047 | AA42: 0.037063226
B43: Sc5 | C43: =AVERAGE(C8,C14,C20) -> 946.47386 | D43: =AVERAGE(D8,D14,D20) -> 1229.396 | E43: =AVERAGE(E8,E14,E20) -> 2175.8698 | F43: =AVERAGE(O8,O14,O20) -> 0.23684859 | G43: =AVERAGE(P8,P14,P20) -> 1.5249602 | H43: =AVERAGE(Q8,Q14,Q20) -> 0.4528059 | L43: Sc5 | M43: 946.47386 | N43: 1229.396 | O43: 2175.8698 | P43: =AVERAGE(L8,L14,L20) -> 0.028202908 | Q43: =AVERAGE(M8,M14,M20) -> 0.063883535 | R43: =AVERAGE(N8,N14,N20) -> 0.041168661 | U43: Sc5 | V43: 946.47386 | W43: 1229.396 | X43: 2175.8698 | Y43: 0.028202908 | Z43: 0.063883535 | AA43: 0.041168661
B44: Sc6 | C44: =AVERAGE(C9,C15,C21) -> 996.20986 | D44: =AVERAGE(D9,D15,D21) -> 1255.0828 | E44: =AVERAGE(E9,E15,E21) -> 2251.2926 | F44: =AVERAGE(O9,O15,O21) -> 0.25551159 | G44: =AVERAGE(P9,P15,P21) -> 1.8360051 | H44: =AVERAGE(Q9,Q15,Q21) -> 0.49097726 | L44: Sc6 | M44: 996.20986 | N44: 1255.0828 | O44: 2251.2926 | P44: =AVERAGE(L9,L15,L21) -> 0.030746936 | Q44: =AVERAGE(M9,M15,M21) -> 0.06799629 | R44: =AVERAGE(N9,N15,N21) -> 0.044217977 | U44: Sc6 | V44: 996.20986 | W44: 1255.0828 | X44: 2251.2926 | Y44: 0.030746936 | Z44: 0.06799629 | AA44: 0.044217977
C45: =AVERAGE(C42:C44) -> 945.95384 | D45: =AVERAGE(D42:D44) -> 1225.5101 | E45: =AVERAGE(E42:E44) -> 2171.4639 | F45: =AVERAGE(F42:F44) -> 0.23648938 | G45: =AVERAGE(G42:G44) -> 1.5232223 | H45: =AVERAGE(H42:H44) -> 0.45068734 | M45: =AVERAGE(M42:M44) -> 945.95384 | N45: =AVERAGE(N42:N44) -> 1225.5101 | O45: =AVERAGE(O42:O44) -> 2171.4639 | P45: =AVERAGE(P42:P44) -> 0.027974972 | Q45: =AVERAGE(Q42:Q44) -> 0.063425624 | R45: =AVERAGE(R42:R44) -> 0.040816621
C46: =(C45-C39)/C39 -> 0.14782724 | D46: =(D45-D39)/D39 -> 0.21487795 | E46: =(E45-E39)/E39 -> 0.18472961 | F46: =(F45-F39)/F39 -> 0.52022239 | G46: =(G45-G39)/G39 -> 2.5249368 | H46: =(H45-H39)/H39 -> 0.8778842 | M46: =(M45-M39)/M39 -> 0.14782724 | N46: =(N45-N39)/N39 -> 0.21487795 | O46: =(O45-O39)/O39 -> 0.18472961 | P46: =(P45-P39)/P39 -> 0.54758056 | Q46: =(Q45-Q39)/Q39 -> 0.56245448 | R46: =(R45-R39)/R39 -> 0.56839169
C47: =(C44-C39)/C39 -> 0.20880826 | D47: =(D44-D39)/D39 -> 0.24419406 | E47: =(E44-E39)/E39 -> 0.22828337 | M47: =(M44-M39)/M39 -> 0.20880826 | N47: =(N44-N39)/N39 -> 0.24419406 | O47: =(O44-O39)/O39 -> 0.22828337

Sheet Sheet1
